,0,1,2,3,4,5,6,7,8,9,10,11,12,13,14,15,16,17,18,19,20,21,22,23,24,25,26,27,28,29,30,31
http://www.benchmark.org/family#Child,-0.36706573,2.5292864,-1.5488377,0.64753556,0.40461913,-0.09658036,0.5327856,-0.5195799,1.7001402,-0.28524786,0.12221984,-2.1972797,-2.9059043,3.3942826,0.59503907,0.49203113,1.8658276,0.8283985,2.9608305,0.17840724,0.14577359,-0.047315583,-0.50146335,0.9007311,3.1137004,-3.020866,2.070946,1.0061005,2.3704476,1.131197,-1.153565,2.2564375
http://www.benchmark.org/family#F1F5,-0.19648346,1.9652952,-0.2942325,0.33593875,-0.5976653,-0.13948624,-0.40436685,0.47603685,2.460758,-0.28765514,-0.57383233,0.5403044,-5.4443307,-2.778082,-0.22755004,0.34796852,0.3548784,1.8013101,2.1358755,5.750918,-0.08961086,-1.2063591,1.4761258,-0.43683097,-0.12022624,-4.4818287,-0.7080467,3.3458958,-0.70291734,-3.1067727,-1.3046224,6.2934275
http://www.benchmark.org/family#F3M47,-0.5261129,2.3873131,2.109854,1.2038506,0.030973358,-0.57272506,0.6877381,-0.18585338,1.9939493,-0.6146655,0.5935435,2.608113,-0.03670156,-0.10707487,3.3736565,2.0586944,1.2996898,-0.29503894,-1.3439516,3.1564422,-0.6046579,0.36437234,4.411104,-0.6091082,-3.0339308,-3.3723028,3.2494311,1.4987005,-0.43335852,3.7221196,0.11312115,2.5527363
http://www.benchmark.org/family#F10M187,-0.04950946,2.674207,1.342114,1.2070615,-0.4438769,-0.91205335,0.060070455,0.19948456,2.316728,-0.49033403,4.195408,2.3009863,-1.2581418,-0.034377526,-0.7573155,1.7376566,-0.1927737,0.7677001,2.253015,-5.278582,0.7904435,0.46254167,0.29268453,-0.047985055,1.4434191,-0.15653595,2.063825,1.2255398,0.68726814,3.195819,-0.7730636,1.492362
http://www.benchmark.org/family#F9M139,-0.36382073,2.5980618,-1.3605115,0.44643173,-0.07098597,-1.6585312,-0.82604,-0.04237688,2.2244718,-0.5691348,4.3165607,1.2600093,2.0801153,1.0423595,-2.1425312,1.2361375,0.836973,0.9502402,-3.170813,-0.11724095,0.9184791,0.6996525,-0.39935303,-0.41348696,3.2853634,0.5595711,-0.36527085,1.756055,0.28602475,3.150673,-0.12494567,-0.1579951
http://www.benchmark.org/family#F3M44,0.114304066,2.7477267,-0.3193813,1.7134943,-0.29632208,-0.7838416,0.38457018,-0.2976784,1.6857096,0.028480923,3.2725992,2.8392026,1.6696774,2.0044887,1.146155,0.45662665,0.8774627,0.13856748,-2.625644,5.1579175,1.5886271,0.26089296,-1.0356563,1.2921592,1.0808424,-2.7633343,1.9253662,4.54485,-0.6311417,-0.62171704,-2.020909,-0.13843106
http://www.benchmark.org/family#F9M167,0.19028676,2.5176778,0.9567929,2.424618,-0.95033944,-0.7606296,0.227563,-0.15180731,1.7713252,-0.7985614,2.3759973,0.15450522,5.697233,-1.798789,0.39691123,1.9152771,-1.9008514,-0.6902316,-3.7875755,-2.2986305,1.3046079,-0.57348824,-3.7939463,0.25330314,-2.5688496,-4.9737105,-3.0937579,2.7855353,-1.2173226,-0.74344736,-1.7890636,1.1287982
http://www.benchmark.org/family#F9F156,0.2211902,1.0145307,0.22179945,1.628915,-0.21995802,-0.593635,-0.2619722,0.03187487,2.7199805,-0.99506986,-0.8954799,-4.5261507,1.0797625,0.33153096,-0.120988786,-0.16562484,-0.2554523,0.73666173,-1.5317955,-0.6077344,0.4615457,1.1110452,0.6733018,1.9283208,2.1088054,0.6679868,-0.4487027,1.5139589,0.2928577,-1.2963187,0.5999709,0.8134215
http://www.benchmark.org/family#F7M112,-0.25215495,2.2697172,-0.025492584,0.6312787,-0.28348348,-0.7328117,-0.6818124,-0.38900337,1.664432,-0.27519283,4.121349,-0.8834088,0.5623859,-0.2574214,0.3834372,0.49101654,0.43552014,0.10631984,-2.4471304,3.331895,-0.62293047,0.39665845,-1.8107738,-0.7659021,-1.1654847,-1.1585951,1.2922863,3.1379628,-1.7839007,2.2539742,-0.27184796,-0.99440557
http://www.benchmark.org/family#Brother,-0.47527894,2.6784928,-0.29087308,0.4182785,-0.7294122,0.21560384,-0.5316042,-0.72082525,1.9384258,-0.44188485,-0.90980786,0.61497074,0.045984045,4.0213327,4.3452053,0.8760167,2.0646536,3.8378108,0.85998,0.32785633,-1.0186636,-0.7455084,-0.6293832,-1.3157861,0.43873847,-0.8751232,3.9439485,-1.7154835,2.1012928,0.899189,0.90805507,2.3460374
http://www.benchmark.org/family#F3M43,-0.3515269,2.3154619,0.1892182,0.63138753,-0.5389415,-0.6851439,-0.14644416,0.31276715,2.461382,-1.7016324,3.5468419,2.3807473,-0.8158138,3.5247626,-1.4900713,1.8975368,-2.209861,0.015412997,-0.60184944,4.5898514,0.7612786,1.2328955,1.1748141,-0.21693096,-2.8153937,-0.7644759,0.23917164,1.1504941,0.4342813,1.1936672,-0.30866855,4.781156
http://www.benchmark.org/family#F9M157,0.31279472,1.9559447,0.32157308,2.234445,-0.71671325,-1.303863,-0.6788306,-0.35087118,2.564081,-0.41553244,2.0841968,1.1907073,6.542656,0.75772935,4.377337,2.4526162,-0.90350837,-0.7117995,-4.2601843,-1.4321288,1.0707403,-1.5549853,1.1942983,0.018702656,1.6485534,-4.397383,-1.6300459,1.8687738,0.575914,-1.8218855,-1.3898753,-0.27799588
http://www.benchmark.org/family#F10F192,-0.0048137354,2.3333206,-0.5822378,1.3657063,-0.5135584,-0.8737754,-0.03489205,0.34790564,1.8703495,-0.35147604,2.7204208,1.4919087,-3.0870478,-2.221691,-1.6655469,-0.25486812,-1.3120795,2.8232698,2.4783823,-4.6980405,0.57386726,-1.1830219,-0.039642937,-1.9777315,0.30122662,-2.2511983,-0.08998482,2.5200531,0.13257948,-3.6363604,-1.0423657,-0.29422563
http://www.benchmark.org/family#F3F53,0.41802576,2.229851,-0.21158822,2.5510287,-0.4968031,-0.50574255,-0.15744255,0.49064913,2.162424,-0.33849007,3.502357,3.2682421,2.0479856,2.455508,-0.45929506,0.8633027,1.008972,3.0095193,-2.1126606,5.771162,-0.60102046,0.19124697,-1.0025536,-2.4516912,1.9244357,-1.9748383,1.3787992,5.4494324,1.3839691,-2.6235507,-1.5811968,0.42351747
http://www.benchmark.org/family#F10M188,-0.06683546,2.1767163,0.5305808,2.162815,-0.56193113,-0.8645705,0.16870245,-0.49889037,1.8487014,-0.77879137,3.4581876,1.9376233,-2.9927168,-2.1149423,4.238795,0.7705462,-1.4153116,-1.7637928,1.8080469,-4.8009014,0.7808686,0.17653428,-0.14352202,-0.23166347,1.5530365,-3.357365,0.5569189,2.1967502,-0.44327712,-3.4992485,-0.2281952,0.65342236
http://www.benchmark.org/family#F8F137,0.6622212,1.8292258,0.015695425,0.7921733,0.3558955,-1.063736,0.29397333,0.45573744,2.986596,-0.77531886,3.3444347,1.9025865,0.6802974,-4.833488,-0.55604875,-1.130461,1.571171,1.7375305,-1.9039191,-1.0510732,0.4336122,-0.35173577,-1.1685883,-0.1100613,-3.3477356,-2.6417425,-2.9273634,1.877358,-0.35817617,0.2882349,-0.027663307,2.8597977
http://www.benchmark.org/family#F8M132,-0.06322126,2.1758142,-1.0001312,0.8776703,-0.20210367,-0.90014887,-0.07988817,0.24071006,2.3452091,-0.07617977,0.80368525,2.8150723,1.5370398,-2.3361835,-3.3253672,2.85776,-2.3656294,0.3244761,-0.47237617,-0.53923696,1.2412695,0.9012827,1.2814404,0.17785567,-2.0455174,-3.3215137,3.588934,1.7941109,0.66556203,0.5516741,-0.578932,-0.7761411
http://www.benchmark.org/family#F9F148,-0.44352,2.227122,0.018262515,0.88528633,-0.8433218,-0.9154444,-0.29778028,0.14936501,1.9670087,-0.7835381,1.8345906,1.4792352,-0.9594839,-0.34072456,0.074703164,0.66157234,0.29634064,2.566421,-1.9695458,-2.4665768,0.1422773,-0.47533324,0.71732086,-1.81859,1.5498147,-3.2708383,-3.6597898,3.4172554,-0.17335236,-6.297429,-0.52342784,-1.8212559
http://www.benchmark.org/family#F9F145,-0.31618366,2.3615918,0.7901652,1.2267987,-0.95110476,-0.69539094,0.29690096,0.46750617,1.1292812,-0.8819012,-0.583928,0.5918754,-1.6029546,-0.25530222,-1.7668797,-1.1486936,-1.0969379,2.445881,-1.9361502,-3.0961587,-0.5640213,1.0933919,0.748429,0.75762373,3.48586,-0.5738487,-2.9740152,2.7990024,-1.4233321,-6.0335927,-0.45067307,1.1144837
http://www.benchmark.org/family#F2F10,-0.31075916,2.0047553,0.9591697,0.24976708,-0.2758754,-0.3072341,-0.50013906,0.0736147,2.194666,-0.81904274,-4.2173347,-0.9206289,-0.30753982,3.1981893,-0.9948454,-0.24998273,1.1006033,4.2031975,-1.1547847,3.5392563,-1.3601515,0.5289016,-1.3463539,-0.38358456,3.7036674,-0.5698178,-1.0223545,1.2050283,0.78652906,0.1815418,1.1992728,2.1258445
http://www.benchmark.org/family#F2M27,-0.41414815,2.4852927,0.8866797,0.67848915,-0.38415757,-0.5260205,0.24852027,0.09950152,1.9988439,-0.8706063,-0.20230217,-0.77850616,1.8678825,-0.18099457,-0.45047668,0.8889032,-0.84524,0.46093887,-0.44168022,1.970948,-0.4311023,0.3384196,0.006987373,1.5983685,2.8362563,2.0793283,2.332159,1.3980654,0.25862262,0.63887215,-0.6405236,4.075573
http://www.benchmark.org/family#F9F169,-0.5009101,2.541094,0.23442027,0.2293442,0.20166838,-0.53109986,0.8517653,0.47036976,1.4810717,-0.29143092,0.00059179636,-0.67044455,-1.2586892,-3.865075,2.3947945,1.3970139,2.1720567,2.2504256,-1.8364738,-1.5646237,2.5123055,1.3802811,3.34734,-2.4671173,4.1917753,0.04315058,-2.1107633,3.9183068,0.0748081,-2.4339912,-0.11550607,1.7886589
http://www.benchmark.org/family#F10M183,-0.5059633,2.708261,0.20296468,-0.06906295,-0.61014503,-1.5432475,1.0846968,-0.396346,2.0669196,-0.29890028,0.79838777,1.145914,-2.9260037,-3.3224251,0.45773736,0.057743516,-0.7749984,-1.921049,-2.8340454,-6.220624,-0.4930085,0.07080012,0.31985804,0.57476324,2.1190324,-1.1527928,-0.55032927,4.935433,0.358297,-1.1193231,-3.0021827,1.0663315
http://www.benchmark.org/family#F6M95,-0.6489279,2.501091,-0.44779333,1.287111,-0.43568373,-0.47678402,-0.88919616,-0.06892326,2.185452,-0.6576392,-3.2992284,0.72632694,2.2506707,-2.5048714,-2.3763204,1.9205953,0.3127695,0.6542249,1.9902008,0.39076155,-0.120441616,0.89878666,2.1203606,0.28111398,1.2054527,1.5834368,-0.8914607,1.3861202,1.2324607,2.627171,-0.34558985,1.5318798
http://www.benchmark.org/family#F2M37,1.1415775,2.7266526,0.8913676,0.43457943,-0.31640786,-0.3751899,0.21531267,-0.0073750666,2.028778,-0.847154,-0.78972,0.8181113,-0.9191544,2.0279496,-2.50612,2.011438,-0.33692303,2.01483,-0.2982017,2.4282377,0.40688536,0.46847263,1.0132357,0.7642485,-4.1088505,-1.7051144,3.6111434,2.2225585,-1.5469117,3.0744195,-0.43867162,2.449688
http://www.benchmark.org/family#F3F52,1.2852851,2.581989,-0.39773458,0.4961442,0.059092317,-1.3049083,-0.023478352,0.21346767,1.9705364,0.13156962,0.5962415,1.3249316,-3.845742,-1.3570144,-0.42482525,-1.9640372,1.6934385,2.2000608,-1.8202361,1.5081526,-0.2976528,0.012276776,-3.2927773,-1.6964399,-0.6664915,-2.360091,-0.711669,5.2879395,0.96948814,-5.128267,-0.85632515,-1.758012
http://www.benchmark.org/family#Male,-0.5921011,1.6733345,-0.6771256,2.3356996,0.50543016,1.5746963,-0.47593477,-1.1354702,1.4437242,-1.530494,-1.7338228,0.5511464,-2.1245956,4.885917,0.20160684,3.3649485,3.4490237,2.682528,0.8968906,-3.0724459,0.6219365,-1.3033637,-0.518329,-1.5074043,2.3119752,-2.2446332,0.7045208,-0.3618068,-1.5928075,1.9246937,-0.7783328,3.7084792
http://www.benchmark.org/family#F7F129,-0.32667866,2.069612,-0.20842195,0.031991884,-0.4793228,-0.4192565,-0.11824655,0.23257902,2.4867096,-0.7829439,3.6919713,-0.58875155,-2.3186328,-2.4148808,-3.6173048,0.95230776,-0.8391638,2.5281692,1.6133307,3.6292806,-0.49395317,1.5967046,0.53506625,-2.3175657,-3.0124297,-4.7981358,-0.33040893,1.8508413,-0.40830097,-2.1183949,1.4531888,0.73247546
http://www.benchmark.org/family#F1M1,0.046517015,2.516957,0.57781243,1.571928,0.10002655,-0.362031,0.3322468,-0.18991771,1.9756726,-0.31606844,0.016631156,1.4307863,0.3791881,-1.2376698,-2.4135065,1.1617914,-3.185876,0.31607637,1.2325426,5.753871,-0.1618447,0.53944415,1.1094242,1.0545639,-2.0336304,-3.8720775,-1.2218437,0.14206913,-0.72614753,1.136128,-1.0875648,0.20492505
http://www.benchmark.org/family#F10F175,0.6662531,2.3706148,-0.39817297,1.5103961,0.11905057,-0.7902876,0.39872912,0.18142234,2.0020413,-1.5212175,-4.4190326,0.22739817,-1.2764126,-4.604053,-0.4322572,-0.30359435,-0.5594773,1.2937996,1.1876111,-5.1373615,1.5022877,-1.915776,-0.48783457,0.25070068,-0.7143222,-2.1394172,-2.4039555,3.4739227,-1.4434035,-4.0159254,-1.7385865,-0.21020319
http://www.benchmark.org/family#F7F119,-0.052693885,2.1980078,0.10378383,1.6427499,-0.37280723,-1.1655033,-1.5384175,0.39420712,1.641091,-0.45345518,4.7231383,2.7924602,-3.1741483,-1.1100264,-2.388479,-1.6581937,-2.2594285,1.121104,0.15497299,2.1532907,-0.88066405,-1.007236,1.9541137,-2.1484067,1.7588488,-1.7974119,-2.8456576,3.8771744,-1.3805207,-4.170335,-1.4671534,1.9188344
http://www.benchmark.org/family#F2F22,0.57429856,2.6105304,0.58518535,-0.2672388,0.14430034,-0.54645336,0.035379168,1.2245803,2.6491854,-0.65671635,-2.5593984,2.888527,1.125947,-0.9632484,-3.6999109,0.359543,1.2605135,2.7422953,-2.3699403,2.2816827,-1.5040355,0.43892604,-1.8814409,0.115014285,0.9149799,-1.9163387,-1.5884451,2.1751406,-0.51873285,2.332077,0.70578134,0.08314898
http://www.benchmark.org/family#F2M11,0.033567715,1.9584526,-0.866163,2.5579052,-0.186317,-0.9931955,-0.47355047,0.17227335,2.2514262,-1.0832974,-3.467982,-0.588829,-1.0207694,0.12700774,2.4581652,1.5909724,-0.49359545,0.0837498,-2.3387308,5.8851194,0.31134114,0.6970472,2.452947,-0.10133728,-0.23367539,-1.7077047,-2.3614352,1.2296607,0.68463266,3.535024,0.30949256,-0.34697405
http://www.benchmark.org/family#F4M57,-0.71147406,2.2515318,0.44351417,2.150953,-0.3025289,-0.6536109,-0.07612948,0.29292098,2.2639167,-0.6122175,-0.32017133,-0.66167486,-0.9817293,-4.1872654,-4.1819477,1.7223593,-1.9691939,0.6890444,-1.875248,0.019247094,-0.49315482,1.4232557,1.1833795,-0.34050786,-2.1439812,0.4703807,2.400242,2.2654421,1.1997502,1.9798872,0.2510693,0.73272103
http://www.benchmark.org/family#F2F19,-0.31573257,2.035314,0.1827481,1.3846806,-0.20908818,-0.46108156,-0.4846261,0.48781514,2.0001228,0.14019483,-4.5471807,0.081298135,-3.5145276,2.8405435,-4.3839164,-1.2418267,-2.227192,2.7410362,-2.679995,4.7890167,0.09571842,0.4009258,2.159741,-0.6213969,-0.9953391,-3.8363564,-4.203231,3.490482,-0.9158264,1.0561024,0.9209814,3.3701355
http://www.benchmark.org/family#F10F179,-1.0830709,2.0814905,0.2617661,0.5896028,-0.27792767,-1.2791368,0.07018113,1.0217711,2.173603,-0.87438375,0.37340316,1.9747946,5.258134,-3.1768842,-3.5134103,-1.240965,-2.0877485,1.6789174,0.4361319,-6.072097,1.4222866,0.17876531,2.4035137,-0.80785257,1.5677958,-2.1107535,-0.059773453,4.6860504,-2.2921412,1.4886985,-3.1824052,1.302753
http://www.benchmark.org/family#F9M151,-0.9058775,2.196389,0.17665184,1.9088153,-0.26495895,-0.7069901,-0.6082659,-0.11511,2.0235577,-0.7566222,5.3218265,0.4318847,-0.018734606,-0.011479151,2.0151734,0.16372524,-1.2509587,-0.08648088,-3.2372353,-2.7889233,-1.2936207,0.32028165,2.8679774,-1.7980735,1.4417986,-3.4328313,-0.41968554,4.8232694,0.33797798,4.296402,-0.22779676,-2.1883945
http://www.benchmark.org/family#F4F56,-0.19719207,2.347157,0.47888637,0.93127817,-0.5797182,-0.86110383,1.7007256,0.49100634,2.0404704,-0.10922347,-0.09006599,-0.81894666,0.9729288,-4.695264,-3.7894113,-0.9573334,-1.9800234,2.7779918,-2.322683,-0.0805188,1.4189959,1.062937,1.5672607,-1.5769356,-2.7182539,-0.82929623,-1.6880951,2.8300984,-0.85402995,0.5618826,1.0155473,1.3902495
http://www.benchmark.org/family#F3M40,0.6306014,2.6642554,-0.26965013,1.7961316,-0.2153033,-0.13598466,0.0051358757,-0.10461479,1.8554031,-1.9948528,1.2802691,2.669083,0.25994816,1.8196805,-2.968012,2.2799618,-1.7738056,1.5482347,-0.4113494,3.6368754,1.8894463,-0.14642641,-0.92779225,0.8286688,4.2485,-0.7113771,1.3411719,2.065737,-0.39670593,2.1057994,-1.1735348,0.35429978
http://www.benchmark.org/family#F9F150,-0.2127356,2.1805727,-0.1260278,1.3805873,-0.71854866,-1.1612593,0.15495402,0.17413037,1.7899728,-1.4438119,1.337283,1.7073951,-1.3687943,0.2889134,0.0072380514,0.21906492,0.884675,2.1065536,-2.441206,-3.150794,0.98083407,1.4007208,0.79764485,-1.0783609,-0.5644217,-1.4858295,-3.865654,3.1454177,-1.0459806,-6.6200943,-2.060402,2.9207745
http://www.benchmark.org/family#F6M98,0.29562932,1.931566,-0.20443606,1.1396561,0.3568665,-0.52658945,0.3126594,-0.41765398,2.1363537,0.05525467,-2.097363,-0.33252427,-0.3204754,-3.0501294,0.53743565,1.8339067,-2.2032976,-0.37378842,2.2143283,0.3720124,-1.3195738,0.8870858,-0.9395255,-0.19394575,3.694212,-1.4612498,1.8286864,0.29933506,-0.9926451,-1.9250704,0.9322659,0.63188356
http://www.benchmark.org/family#F2M31,0.382268,2.2954586,-2.0593646,1.3187637,-0.31521,-0.6891291,-0.34880295,-0.14762327,2.3237884,-1.0763261,-4.423231,0.5812716,2.1229815,0.10697547,0.78002757,2.6005673,-1.6627373,0.44884974,0.3645721,3.418296,0.0403011,-0.032778263,0.8386555,1.0012825,3.869472,-0.49748382,0.42371482,1.2672204,1.3897113,0.033346087,-0.18014319,0.8923789
http://www.benchmark.org/family#F4M59,0.33171842,1.838574,0.5988089,1.0278909,-0.0851202,-1.0748942,-0.15760903,-0.40692845,2.3206675,0.0036394247,-0.047567777,-2.1416063,0.20460044,-3.0423253,-1.4892966,-0.18313116,1.1946367,0.283002,-1.0664129,0.5234129,0.06589562,0.6810669,0.24984112,0.1530272,1.704301,1.3418214,1.8670907,1.4690745,0.016668355,-0.7570388,0.9817176,-0.5958625
http://www.benchmark.org/family#F2M39,-0.64374065,2.3772814,0.5755348,0.7657534,-0.06500427,-0.5206409,0.24375017,-0.23104523,2.3936822,-0.95264775,-0.4627894,1.6607158,0.2968729,0.3651684,-1.251184,0.8873013,-0.17054452,0.23704414,0.6228296,1.4896495,-1.765269,0.749256,-2.5678775,2.4322655,4.718164,-2.045894,2.010314,1.5644943,0.53037256,-1.0946571,-1.8970236,2.0447183
http://www.benchmark.org/family#F7M128,0.2014275,3.0466208,1.3880949,0.60112363,-0.2375138,-0.641572,-0.4428242,0.018253932,1.5564675,-0.68344444,4.0697694,-0.44416124,1.2387015,-1.0742964,-1.8039849,1.34772,1.4317396,0.2882602,2.2122152,2.106181,-0.74342185,0.22392428,-1.1383095,0.59910136,5.601314,-0.49825227,-1.0027921,0.8873732,-0.14493151,0.7522452,-0.5257869,0.6820595
http://www.benchmark.org/family#F9M144,0.58735675,2.195745,0.8659324,0.4526337,0.23864898,-0.953825,0.24945837,0.41329643,2.6642385,-0.211617,2.2166634,2.3043885,0.8106806,0.41532904,-3.6567543,2.2507374,-0.7319769,0.9063394,-1.8651037,-4.516551,-1.1583943,2.157786,-0.615663,-0.8617857,1.2154642,-1.0370537,3.2516248,2.3871982,1.1833586,5.345449,-0.27758008,2.9011903
http://www.benchmark.org/family#F6F97,0.83227867,1.6203222,-0.05223974,1.0910224,-0.60999554,-1.0640947,-0.35295555,0.2772188,2.265088,-0.9525729,-4.008069,-0.012159353,4.1636186,-3.7525504,0.48534322,-1.7995658,-2.7395296,2.8972492,2.4259045,0.24259448,-0.26810285,-0.59785366,-2.2527936,-0.49642414,3.6161392,-1.2734448,-1.8250355,3.2580955,0.7006181,-3.7278886,-0.46556538,2.7619696
http://www.benchmark.org/family#F8F135,0.01784365,2.7000773,-1.1077826,0.45018604,0.6213295,-1.1327268,0.2955042,0.39454693,2.0260305,-0.09125095,1.0901922,1.9132079,-0.30746505,-2.67133,-0.98611474,-1.0822374,2.3509052,2.3485687,-1.454335,-0.613799,1.4276611,0.3359844,0.1399135,1.5429584,5.290214,-0.98973864,-0.94269687,2.175935,0.20168504,1.5005853,0.5219774,0.29573366
http://www.benchmark.org/family#F10F193,-0.2601647,1.9401666,-0.46246758,0.7170936,-0.22596484,-0.5026812,-0.102031514,0.35557646,2.135181,-1.2463717,2.9340081,1.740814,-4.554385,-1.2940737,-1.0968786,-0.6863113,-0.5971755,1.488264,2.5428696,-5.245761,-0.8413998,0.88216406,-1.041996,0.022174919,1.5581324,-3.3523204,-1.6431185,2.5087247,0.64665616,-4.4063396,-1.9432362,4.197832
http://www.benchmark.org/family#F7M115,-0.8287418,2.737884,1.4298977,1.3465534,-0.07008678,-0.9339073,-1.1655735,-0.23660171,1.4669855,-0.20623685,3.184867,3.378689,-4.641645,-1.4118092,-3.199797,0.5529752,-1.0529943,-3.452618,-0.13097484,1.7760801,1.6037244,-0.3716736,-0.7307059,-0.51205176,-2.4757693,-4.47332,-1.2142963,2.6379619,-3.3681185,-2.8499956,0.109559365,1.3904985
http://www.benchmark.org/family#F6M90,-0.6703704,2.714304,-0.5350585,1.5712235,0.3104468,-0.95825946,0.6135568,-0.58492965,1.3099986,-1.3806629,-1.0524062,2.5671442,-5.6956606,-0.50548935,2.3890474,-0.17340258,1.3729075,-1.574379,0.18161277,-0.5415094,-1.6717217,0.9192258,2.5242453,0.7049778,2.1094916,-0.92916137,2.0130372,3.0760837,1.3227092,-3.410328,-1.6003003,0.44528648
http://www.benchmark.org/family#F10M197,0.34127527,2.3101172,1.7993946,1.0501636,0.6680069,-0.8458513,0.23936938,-0.14510562,2.5892434,-0.94638234,5.936271,1.2276828,1.3060932,-1.556455,1.2337586,2.2033713,-2.4633048,-2.4532115,1.4447665,-2.0052302,-0.764472,-1.0128059,-2.957891,-2.2387567,-3.367156,-2.255338,3.7796006,2.5478597,-0.38095376,-0.83273554,0.40205225,-1.3399239
http://www.benchmark.org/family#F6M69,-0.09797442,2.4530323,1.9946728,0.702087,-0.66964054,-1.118256,-0.2879209,-0.9716232,2.4337995,-0.63912565,-3.017689,2.730767,-0.9409898,1.6968566,-3.948156,1.6818875,-0.733387,0.5574689,3.2572882,1.7305619,-0.45892218,-0.15395871,2.8294542,-0.36943498,-1.1605444,-3.362563,-0.9503211,0.1922552,1.1479818,-0.98488,-0.78462404,0.43933997
http://www.benchmark.org/family#F7F126,0.5467764,2.3736074,0.20693392,0.9433507,-0.6471655,-0.3633532,0.05806335,0.23953654,2.009382,0.17565891,0.36000237,-1.428121,2.9142354,-2.2356515,0.93140477,0.7290616,-0.08874754,0.7345059,0.6975695,3.0667226,0.20205486,-1.1539147,1.9755658,0.0071805962,0.118839435,-0.435309,-2.3482256,0.27741897,0.45435947,-1.9327224,0.08927169,2.1993475
http://www.benchmark.org/family#F3F46,0.4078966,2.4887223,-0.6227631,0.34802726,-0.56323373,-0.48707342,-0.1524923,0.37187183,2.1637535,-0.7365775,0.87653196,1.8031551,1.3310859,0.4317739,3.1220868,0.24284622,-2.3522248,3.2314608,-1.0740583,2.4562755,-0.9024042,0.65939987,-2.5783288,0.31853214,3.7566764,0.29938376,-0.2859388,1.6979626,0.7388837,-0.17000212,-0.09509658,0.4177055
http://www.benchmark.org/family#F9M161,-0.4167158,1.6934553,0.50779665,0.47286862,0.5344474,-0.58563346,0.84904534,-0.19382577,2.1439853,-0.9331763,-1.1196699,-0.49569607,-0.8353313,-1.4662476,0.7148045,1.1792655,2.0446699,-1.8247789,-2.9150758,-0.6849462,1.132482,-0.60632557,1.625108,0.09263231,-2.129566,-0.5529791,1.7198433,2.5984004,-2.005367,-2.3669937,-0.38392356,0.9600161
http://www.benchmark.org/family#F2F26,-0.020737613,2.3647802,0.8300127,1.7720892,-0.8602173,-0.29025328,-0.24027598,0.27789292,1.7495598,0.24188364,-3.2249823,-0.5631807,-3.556117,1.5037167,-2.6806374,-0.73140943,-1.4863417,1.5415102,-2.2455566,5.005824,-1.2721691,0.7696584,2.1313095,-1.8247504,0.6617051,-5.4106216,-4.2324924,4.7811866,-1.0560421,0.26038647,-1.3111516,-0.7488652
http://www.benchmark.org/family#F3F49,0.94752437,2.2569919,-0.096588485,0.3160762,-0.07207189,-1.5867304,0.0049827294,0.79541844,1.7536764,-0.93062377,1.8001118,0.89477426,-4.982122,-0.10713342,0.628173,-1.0210017,0.23578398,2.39355,-2.4212666,0.96393794,0.4230053,-0.31073767,-3.0941596,0.3785751,6.75499,-2.86343,-1.8754061,4.319676,0.15295653,-4.298503,-0.46889958,3.5264397
http://www.benchmark.org/family#F6M88,-0.48135698,2.360341,0.63537323,0.77028817,0.31706655,-0.69194835,0.5743903,-0.36455366,1.8515779,-0.941116,-1.6077031,2.5179043,2.4325085,0.6100165,-3.93602,1.951713,-0.44898954,0.89763856,0.12891756,-1.3978754,-0.095076226,1.2990752,2.109679,0.104430065,5.3290334,-0.7484986,1.2122793,1.5358596,-0.192488,0.5418578,-1.7966272,2.8960254
http://www.benchmark.org/family#F3M45,0.5653976,2.4201195,-0.4093282,2.0834112,0.17667605,-1.275331,0.6949736,-0.08179925,2.0288637,0.08176944,2.583799,3.384018,3.0185983,2.064245,3.6781354,1.8942612,-1.1225593,-1.4934351,-2.3846276,5.503131,2.18878,1.2378843,-2.3637943,-1.0226576,3.5632932,-3.8927116,0.82845575,3.1701348,-0.4609923,-0.62931603,0.6407256,1.2691123
http://www.benchmark.org/family#F9M155,-0.34318253,1.3679421,0.06630908,1.1989989,-0.40007925,-0.7894865,-0.26417845,-0.68581027,2.1763594,-1.5752219,1.523413,-3.5449467,-4.112298,1.01016,-0.2553895,0.58412915,-1.3276998,-0.6283959,-1.9476552,-1.2944835,-1.014696,0.012415357,-1.9791366,-0.34208894,3.7782283,-1.7375677,0.9749865,2.6741912,-0.30412912,-1.8555082,0.8842342,0.30992875
http://www.benchmark.org/family#F6F94,-0.81574607,1.9557,-0.7842065,0.61648786,0.5538209,-0.73927075,0.029908499,0.4323253,2.4469862,-0.67240506,-5.992449,0.6365899,0.104429044,-3.5555599,-1.2929957,-0.5395531,2.3576236,5.0174823,3.1658134,1.9682677,-0.21480812,0.96674776,3.2100701,-1.5902534,1.814688,-4.0957785,1.5920495,4.1842895,-3.520411,0.78666407,1.5773648,1.7689104
http://www.benchmark.org/family#F6M71,0.66857994,2.2131004,-0.16451076,1.1704842,-0.50274473,-0.68251175,0.18465926,0.07993141,2.2524364,-0.18373094,-4.387506,2.5658212,-3.633421,-0.42366734,0.98065543,1.3022982,2.0245645,-0.42497614,3.416306,1.060227,-0.68823963,-0.49730572,-0.9936446,1.1875964,3.8111856,-3.8296468,-1.9608405,2.2038689,2.113859,3.2823553,-1.584266,1.9149756
http://www.benchmark.org/family#F7M104,-0.040743925,1.9960397,1.2733784,0.64036214,0.5030836,-1.4062885,-0.17352574,0.23924737,1.987445,-0.8210931,6.5600286,3.010236,1.7893595,-1.4785482,0.22764724,0.98154587,3.1992903,-1.0680407e-05,-0.30005157,0.7656615,-2.1809072,-1.0747161,-1.6494882,-0.6970599,2.4201021,-3.2071528,1.5874308,1.8787516,-0.12923542,4.1091824,-1.288374,-0.009265792
http://www.benchmark.org/family#F6F96,0.8641916,2.6525087,-0.022343304,0.32465956,-0.8630965,-1.2384231,0.16117679,0.42568824,1.7211461,0.14488286,-2.7106545,0.22336607,3.501629,-3.8203604,0.46408895,-1.757812,-0.8677885,1.1656252,2.4986804,0.494983,0.057622805,0.24676803,-2.4533544,-0.024443155,-0.73736084,-3.3019812,-0.5858169,3.4601624,-0.66823006,-3.8106916,-1.2659795,-0.78424174
http://www.benchmark.org/family#F1F3,-0.23353651,2.424523,1.4813395,0.9499336,-0.213234,-0.94681275,0.8283273,-0.021070028,2.0472298,-0.60483545,-1.1573602,0.94499093,-2.1989686,-2.5686846,-2.7154949,-1.3305374,-0.24082434,4.3288016,1.7344515,5.863385,0.6717939,0.43995807,-1.3113326,-1.5945857,4.172247,-1.0815489,-1.198035,0.7348441,-1.2072988,0.0066770483,0.018927557,1.2715636
http://www.benchmark.org/family#F10F177,0.51682657,1.8858733,0.48054793,0.15599732,-0.44625577,-0.96199054,-0.07374114,0.29303128,2.146955,-1.8407617,-4.2121363,0.28659025,-2.1840894,-2.6025784,-2.5278594,-2.144773,0.96205527,1.3860425,1.4464725,-4.752394,-0.43961284,0.31535283,-1.8326771,-1.9133391,4.23021,-2.815884,-1.2663898,4.410722,0.89280385,-3.079481,1.0659821,1.0465292
http://www.benchmark.org/family#F8M134,0.09821926,2.212341,0.0156200975,1.129991,-0.924487,-1.2461149,0.5145255,-0.14222449,2.0433383,-1.000945,0.5811847,2.9500105,4.965927,-3.7622921,-1.9204737,3.6743646,1.8131725,-1.4725918,-1.3253391,-0.45096177,2.3912518,-1.1822797,-0.5662724,-1.4465966,6.553539,-2.515738,0.6602506,2.56543,2.2490525,-0.451437,-1.6136307,1.1916494
http://www.benchmark.org/family#F9M146,-0.089244165,1.5691551,0.9689209,1.114679,0.17265171,-0.6010958,-0.19756742,-0.26262364,2.7288265,-1.2058455,-3.2046106,1.1752106,-1.642455,-0.2343939,-2.11988,2.3624089,-1.0308664,-0.39926222,-2.3908052,-3.5003214,0.21157497,0.77682936,-0.4314151,-0.33361247,4.5228505,-2.3617735,3.1493645,1.988523,1.2347777,-2.6711786,0.81528866,2.509316
http://www.benchmark.org/family#F5M60,1.7530646,1.9402453,0.47019112,1.5977243,-0.18203947,-0.80285645,-0.27032402,0.28919658,2.195533,-0.2126998,0.013162945,0.27133593,0.70693326,-0.63803405,-3.2918887,2.1721084,0.0043674787,-0.106188826,0.40938067,-2.0652475,0.43388125,-0.15182962,-5.8154006,0.003969027,5.0680933,-2.9791818,0.7400857,1.8038446,-0.5190873,2.9592896,-0.071333475,4.3563275
http://www.benchmark.org/family#F2F28,-0.47612494,2.65829,0.7490199,1.5574828,-0.64700806,-0.62922317,-0.16948746,0.98125577,1.567258,0.117516965,-5.192479,-0.03546776,-3.7683606,1.1686844,2.259745,-0.6741732,-2.856204,3.1339138,-2.04503,5.434804,-1.1372586,-1.3601226,0.22026241,0.48469582,-2.3589482,-4.302596,-4.6936307,3.1756244,-2.4375174,1.7433158,-0.47835955,4.353826
http://www.benchmark.org/family#F7M131,-0.45526284,1.8793935,0.22950077,0.54589397,0.2542445,-0.54855716,0.29899812,-0.43501446,2.1524734,0.41613874,3.1866462,0.41097456,-0.7860232,-1.9453921,0.36953208,0.15361342,-1.7200962,-0.08949705,1.4610033,3.9661167,0.11654728,0.075779215,1.4471945,-1.4161884,1.0889733,-2.1266284,1.0089401,4.7142773,0.4548951,5.298409,-1.0787113,-1.2692077
http://www.benchmark.org/family#F10M196,-0.5847602,2.6628888,-0.3240325,1.4446881,-0.10605709,-0.62103957,-0.62376827,-0.024577312,2.1253514,0.12949571,3.53527,2.055067,-0.58349705,-0.50156015,2.1801498,1.5184374,-1.4124441,0.40066472,0.6759574,-3.5739222,-0.48160338,0.18806595,2.0891545,-0.24796341,4.3386755,-0.34807938,-0.20532212,0.27635893,0.35629144,1.1837331,0.65341717,4.0601044
http://www.benchmark.org/family#F7F118,-0.2073044,2.1737862,-0.9819688,0.42038134,-0.61889905,-0.9542779,-0.29888752,0.55351317,2.1670425,-1.4869435,0.8281114,4.1016593,-5.9663005,-1.2991029,-3.3050537,-0.7977881,-1.7064915,2.378377,-2.2103806,-1.1640829,-0.13089193,-0.1440139,-0.41816404,-0.5839441,2.4767597,-1.6233859,0.881437,6.33296,-0.76848745,-0.7166502,-1.7676759,3.5129452
http://www.benchmark.org/family#F2F33,-0.36849234,2.219065,0.6589901,1.6653593,0.09314817,-0.6930443,0.641271,0.4839436,2.5846474,0.5940755,-5.925107,1.7776374,5.5113726,-1.4026064,-3.8921025,-0.48440012,0.27288482,3.6858578,1.0342243,5.9536457,0.601858,-0.07711601,-0.44629297,-1.5966753,-0.15155579,-4.537388,0.2544993,3.5474632,-0.40541786,-3.0658448,0.85242593,4.9196925
http://www.benchmark.org/family#F10F195,-1.0430007,2.561226,-0.40270793,0.3693662,0.0037091617,-0.7797838,-0.5450026,0.701787,1.4249074,-2.3460321,2.588092,1.6217753,4.328321,-1.218706,2.4864688,-1.6462575,-1.9034787,3.5218394,1.1130817,-5.180029,0.9465633,0.48470443,2.2555997,0.60149956,3.4652689,-3.4030788,0.37587973,4.0977483,-1.1707991,2.5536206,-1.0861161,-0.26068047
http://www.benchmark.org/family#F9M159,0.53782475,2.356398,0.7097669,1.7940735,0.70187247,-0.88554406,0.4811676,0.22030307,1.7528735,0.013158102,-1.1901298,1.1715404,2.960697,-1.1052042,2.7115595,2.227424,-2.5566425,-1.1682862,-4.372914,-0.76003695,-0.17692736,-0.4513919,-2.7516832,-1.2699947,3.8428202,-1.1731318,2.4725666,4.453085,-0.79494685,2.985032,-0.80788225,0.7442973
http://www.benchmark.org/family#F2M23,-0.524759,2.7735553,-0.25918522,0.41446242,-1.2410468,-1.211334,-0.4321433,-0.5723418,1.5873268,-0.40091282,-1.3570157,3.4078898,-1.2571701,-1.726687,-1.3284644,2.1625967,-0.09234487,-1.2959312,-2.6062567,2.7005935,0.0456094,-0.5833032,4.0668683,-0.36526558,2.6163435,-2.1397412,3.4539952,3.1882932,-0.578769,-2.5267346,-0.37414584,3.2310727
http://www.benchmark.org/family#F10M190,0.075396694,2.7717211,0.042087156,0.122767374,0.74894553,-0.7601981,0.6142929,-0.11111031,1.3705643,-0.36377463,1.3325725,2.8239524,-4.306257,-2.9081082,2.5498903,0.5253627,-0.40048453,-0.7234488,0.27322954,-2.615675,-0.80695057,-1.0626898,2.0269966,-3.0622337,-1.0540729,-1.3230232,2.7141826,4.027594,-0.519974,2.0791023,0.24843831,3.1035573
http://www.benchmark.org/family#F5M64,-1.4355235,1.9983706,0.52960557,2.0754552,-0.6814971,-0.9998421,0.25857696,-0.08590441,1.9164565,-0.5721841,0.21308178,0.8226388,-0.21597072,-3.2872627,1.5809714,1.7470021,-3.5135643,-1.7846681,0.034963764,-0.98890436,0.18093172,-1.2772845,4.590926,-1.724425,-0.5772705,-4.4456367,-2.7331707,0.94142205,0.12858334,-1.3112067,1.726734,1.2685211
http://www.benchmark.org/family#F1F7,-0.2905358,2.4587672,-0.17545517,0.63412535,-0.48968416,-0.26238087,-0.07942678,0.1807111,2.4225526,0.3698101,-2.0883832,0.5633484,-2.6582856,-4.116458,-1.8071369,-0.091327526,-0.23519237,1.666706,2.1015003,4.2010503,-0.47760245,-1.1979938,0.50760317,-0.43970245,-1.5186192,-3.0865622,-1.063586,3.8936193,-1.3562866,-3.010566,-0.030975757,-2.2216723
http://www.benchmark.org/family#F2F30,-0.40115243,2.6647296,-1.512331,0.11616558,0.13384292,-1.1547663,0.64938277,0.55339813,1.9616319,-1.3479203,-5.510401,0.9731592,0.78888243,-0.86868453,1.906226,1.3554951,-1.5211972,4.13654,-0.086747974,3.8473723,0.6563572,0.38072115,-0.66477895,-1.2083014,5.3563023,-1.8419055,-1.1645604,2.7449954,-1.1842074,-0.95149356,1.4853153,-0.5513343
http://www.benchmark.org/family#F6F89,0.7239333,2.6519141,-0.028771996,0.9596851,-0.9628648,-0.2824451,0.390603,-0.09964475,1.6658331,-0.9187237,-0.9610557,1.3863937,-1.7656682,-1.0840689,-2.3983784,1.2801493,1.4126264,3.45835,-0.10490914,-0.39205006,0.34371904,0.6474468,-2.9686198,-1.8468449,-2.8953836,-0.58365846,0.23144639,2.2353358,-0.5257174,-1.9775513,0.33787066,-0.48312113
http://www.benchmark.org/family#F2M13,0.17128804,2.2294097,0.42738014,0.344221,0.4824164,-1.0263731,0.33095506,-0.47011554,2.3744497,0.19613992,-1.8770996,0.2924035,3.3677838,-2.735803,2.0796483,0.6282369,-1.2814808,-2.2556863,-3.138999,4.3773365,-0.72299045,-0.008702949,0.11506008,1.3284239,1.7706376,-2.2086258,-2.3913152,4.2175756,-0.35990524,-3.292185,-3.1606064,2.888641
http://www.benchmark.org/family#F6F91,-0.5483941,2.576303,-0.008275019,0.30389637,-0.15287583,-0.9087492,0.37116572,-0.19063398,2.0549967,0.098405346,0.52447015,2.8042347,3.4035852,-0.58193636,2.5148318,0.3729622,0.32613814,2.3158844,0.18322106,-0.022775738,1.005859,2.6552944,0.5592491,-1.9273509,4.0600166,-1.9806705,-2.4109478,0.7806963,0.9595586,-3.2520492,0.5724115,2.1910608
http://www.benchmark.org/family#F10F186,-0.49962428,2.1037014,2.2415242,0.05571366,-0.44991446,-0.5571989,-0.76295006,0.705794,2.3227403,-1.1587689,4.2646585,2.0369782,1.8174307,-0.09218059,-1.4323823,-1.3439528,-0.58489645,3.085455,1.572986,-6.602867,0.7181772,-0.7500643,1.7401385,-0.9078042,1.5355666,-2.2979174,-1.5095527,4.0310464,-0.44456497,3.603909,1.0366877,2.611178
http://www.benchmark.org/family#F9F141,0.5232706,2.2234201,1.0970087,0.9688435,-0.54739803,-0.8058843,-0.31054878,0.15049027,2.1214614,0.0682564,5.9247937,0.8234789,3.7130055,1.8520045,-2.7306507,-1.5184463,-1.3990716,5.0850964,-4.0199747,-2.4935958,-0.5424573,-0.81511885,-3.084418,-1.2767637,2.527205,-2.909318,-2.8168793,3.8970034,1.297034,-0.5334891,0.5545158,2.9343028
http://www.benchmark.org/family#F5F61,1.063569,1.3342028,-0.15139967,0.01055961,-0.28599447,-0.751072,-0.87382734,0.6725576,2.6447465,-1.0596659,0.6096826,-1.2451636,0.6099322,-0.8887258,-1.701272,-0.61251974,0.36917633,2.3209863,-0.07142499,-1.5213525,0.8502154,0.30472085,-3.5080302,0.6994942,3.6580558,-0.00807107,0.046557017,1.7097015,1.0169221,2.40764,0.85703164,-0.015506631
http://www.benchmark.org/family#F7F121,0.29655913,2.6574135,-0.20185676,0.87999916,-0.6639566,-0.9097316,-1.1240385,0.36990902,1.3239932,-0.53817594,5.073147,2.2198875,-3.009458,-2.783489,2.306593,-0.6941369,-1.4020505,3.6454551,0.2820898,3.362017,-1.929685,-0.19978446,1.0207293,-0.32698104,1.1684755,-2.7522702,-0.79337174,4.324033,-1.9025671,-5.0652633,1.7729969,1.6322505
http://www.benchmark.org/family#F9M162,1.047392,2.3191466,1.3155967,0.386039,1.2310495,-1.0086175,-0.17291246,-0.5071669,2.6942375,-0.56511945,-1.6884065,2.1742263,1.9730612,1.2873963,2.8956614,1.8343861,-2.3090553,-1.2151322,-5.0375957,-1.1180928,0.756494,-1.1265686,-2.8940797,0.2406545,-2.92707,-1.8320813,2.7198446,3.890271,0.12773798,1.2821001,-0.88705605,3.3771262
http://www.benchmark.org/family#F2M21,0.9675171,2.293762,0.3985436,2.5248897,-0.19549869,-0.32484096,0.41522574,-0.060081955,2.0969694,-0.2642225,-4.4952984,2.30499,-1.7876546,-0.13399562,-3.28583,2.511291,-0.017410142,-0.30342475,-2.585811,2.444066,-0.918032,0.9488188,-2.7247808,-0.2606154,1.7568913,0.44782564,0.9884653,3.7712724,1.2465522,2.1923285,-0.41674885,1.0797622
http://www.benchmark.org/family#F7F106,-1.1492406,2.0894175,0.86916566,-0.044047825,-0.104502164,-1.4105142,-1.3643111,0.8723493,2.2623568,-0.22815064,5.1344266,2.0511642,-4.9757013,1.3605169,-0.49827674,-1.3102881,-2.8723843,4.9902153,-0.092393786,3.1174288,-2.404834,0.41177174,-0.15911545,0.3639339,1.4916171,-3.295417,-2.7192965,3.1758058,-1.7453537,-4.521947,-1.1959189,2.0018067
http://www.benchmark.org/family#F3F42,-0.39006096,2.6484742,0.2079869,-0.25495473,-0.8493473,-0.38040292,0.44766125,0.37443417,2.2656863,-0.39033073,1.921856,2.4031827,1.5290529,3.1719224,-2.2790012,0.88649595,-2.2561026,4.5720196,-0.71100944,4.589819,-0.5698249,-1.7116538,1.736085,-1.3116626,-1.9712406,-1.9723417,-1.5691513,1.3860474,-1.7068596,0.57690567,0.27552882,-0.9483919
http://www.benchmark.org/family#F6M92,0.74947226,2.3921921,-0.3635232,2.0047452,-0.053409297,-0.69794536,0.5557364,-0.23340225,2.39074,-0.4184094,-5.010079,1.8674966,-2.4230258,-1.0687878,3.5192146,1.457638,-0.17171538,-0.4075315,3.7267096,1.0150304,-0.34076995,-1.3251795,-2.481171,-0.0051919264,-0.19444066,-2.1462708,-1.475701,1.4835068,1.395412,1.6621639,0.049822204,-1.1095402
http://www.benchmark.org/family#F5F65,-1.0253303,2.6838377,0.21348281,0.69781476,0.63485074,-0.690288,0.125923,0.9990293,2.1482491,0.1998701,-2.1891918,2.2411401,0.66579306,-2.871526,1.5514368,-0.34103665,-1.9405224,2.0243027,-0.6859627,0.33543578,0.09704688,0.7696382,2.2581098,0.51156056,0.73122144,1.7757518,1.3503568,2.0733035,0.44655162,-0.012103014,0.79866827,0.39959368
http://www.benchmark.org/family#F4M54,0.13903624,2.271357,-0.16708012,0.817722,-0.18494932,-1.3834063,-0.22644636,-0.6122826,2.1498175,-0.36702117,0.1908157,-0.92004746,1.402484,-2.409718,-4.0856247,2.785227,-3.7189546,2.0895817,-2.1486273,-0.003180363,0.16557686,-0.96108264,-1.3421587,0.15558913,4.739161,1.5202031,0.9495287,1.4911743,0.5154344,2.109918,-1.9246902,3.9592137
http://www.benchmark.org/family#F7M122,0.18186294,2.2608523,0.6022704,0.9873071,-0.49323714,-1.2018614,-0.62180877,-0.3147095,2.6349072,-0.53696024,3.2704995,1.6125051,0.65937954,-2.306804,1.9243807,2.332753,-0.8401611,-0.33637318,1.1962537,4.0702477,0.16464846,-0.68969417,-1.4383173,0.031930517,1.7720454,0.4805542,1.1573362,-0.19396394,-0.23565362,-3.0077143,-0.19037649,2.0829518
http://www.benchmark.org/family#F7F103,-0.20214368,2.6904638,-1.0595951,0.8525934,0.15433617,-0.5346682,0.14764178,0.286906,1.5784478,-0.8224227,3.7910538,2.6790092,0.36453536,-1.6562291,4.286969,-0.2580619,0.43687913,1.704299,-0.8550938,0.33010176,-1.4160168,0.14974152,-0.18379529,-0.6403504,-0.7118459,-1.7047422,-2.7809885,1.6420804,-0.016921066,-0.6636104,1.5798535,1.785506
http://www.benchmark.org/family#F6F86,-0.63705826,2.3846571,-0.8014731,0.6841595,-0.2652458,-0.57513106,0.73868304,0.4656047,1.752489,-0.04102465,-0.7612793,2.2770305,-5.85123,0.707453,-0.66423076,-1.1862801,1.1216562,1.4424794,0.043985356,-0.64740294,-1.2153289,-0.58870995,2.37543,-1.8122634,-1.2124962,-2.501551,1.7310373,4.585731,1.1812847,-4.011235,-0.40142584,1.065064
http://www.benchmark.org/family#F2M20,-0.5640909,2.6261263,0.7731714,0.37566814,-0.35098395,-1.3406196,0.29644164,-0.17652053,2.0136597,-0.8556707,-4.1603675,2.430454,1.1383522,1.9687235,-2.8227549,2.5834074,-0.5368213,0.00071733864,-1.9193379,1.2752684,1.7176359,-0.9100528,1.2257531,0.50125605,-0.9332493,-1.3641447,1.715371,0.81434286,0.7900244,-0.60956603,-1.0560566,-0.44791368
http://www.benchmark.org/family#F9F154,-0.46240544,2.2618191,1.2008463,0.94904304,0.70813274,-0.37881616,-0.23467019,0.5633536,2.0237484,-0.40377498,2.1756926,-2.4576879,-1.559018,1.7946285,0.79351854,-0.16428845,1.1834944,2.7521553,-2.164943,-1.6581552,1.5865347,-1.2022228,-0.9512011,1.2309449,-1.1365014,-1.1489921,3.2580276,1.6012304,-0.4163751,1.2961326,0.08131209,0.87464005
http://www.benchmark.org/family#F2M25,0.55021125,2.6404362,-0.1636808,0.9482944,-0.17201863,-0.42777804,0.37371323,-0.16683078,2.193455,-0.06455779,-0.17910872,1.9609075,0.49796018,-2.1003673,1.0269141,1.540863,-2.2219434,-0.86558086,-2.8209305,3.1482286,-0.22506614,-0.4009344,-2.8984504,-2.24005,-2.6527975,-1.023956,1.649326,4.136192,-1.5701464,3.0433407,-1.2719276,-0.7653976
http://www.benchmark.org/family#F4F58,0.43125632,1.97231,0.23552318,0.08730724,-0.56752264,-0.71829456,0.6185579,0.36170006,2.3272722,-0.99078524,0.1512295,-1.6855577,0.5997795,-3.868872,-0.8021649,1.1191974,2.2250051,1.4181951,-2.3263927,0.9977992,1.1495311,-0.17038725,-2.8873374,-0.25475088,3.308003,-2.789947,-3.1186538,3.0121078,-0.62126875,-4.703808,-0.39224324,1.4962828
http://www.benchmark.org/family#F2M18,-0.6777521,1.5839734,0.40299436,1.1769178,-0.79525906,-0.70019263,-0.36726514,-0.1661529,2.1356943,-0.10959137,1.8532823,-0.0825428,4.693513,-3.3789647,-1.0362583,-0.4826808,-1.0420876,-1.2500911,-0.84944594,2.426264,-0.64210933,1.4706715,0.052086625,0.5441842,0.6262171,-1.6424357,-0.25678936,4.4246264,-1.6658381,3.3815088,-0.45767927,-1.4284732
http://www.benchmark.org/family#F6F72,-0.48074982,2.5553205,0.40453395,0.5314941,-0.47669014,-0.47801182,0.37400976,0.6669076,2.1879368,-0.26247284,-2.9266295,1.5623579,0.025339099,-0.57072014,1.9828571,-0.28227,1.3898922,3.2105582,1.4294685,0.74961627,1.0772914,-1.4078702,0.40581906,-1.0763606,5.960213,0.34087586,0.9729795,1.8712368,-0.63254315,3.084777,1.3651282,-0.24534807
http://www.benchmark.org/family#F7M130,-0.29888964,2.881471,0.49077463,1.0897707,-0.18888462,-0.7304963,0.48377848,-0.2090862,1.8015219,0.080937676,1.6679912,-0.05736965,0.8555183,-1.8446996,-3.218171,0.117809355,-0.64101905,0.2905942,0.6138108,2.2193208,-0.017663963,-1.6011738,-0.6606208,1.4593847,-1.8091246,1.7295079,0.91017973,1.261438,0.09116471,-0.2851339,-1.3269019,0.83869493
http://www.benchmark.org/family#F6M100,-0.2737097,2.187705,0.6371915,1.3508911,1.1699173,-0.3758631,-0.45710367,0.002831064,2.1524718,0.1269711,-4.1857142,-0.05914219,-1.2578225,-3.619793,1.2210228,1.551582,2.864917,-2.8713648,2.2938356,1.6538835,-0.1385658,-0.08421523,3.2458148,-0.050533064,0.55291903,-3.0073678,3.0387647,3.940127,-1.0187485,-0.3553404,-3.3341897,0.29070547
http://www.benchmark.org/family#F6F84,0.77905023,2.317638,1.2624872,0.66974586,-1.2077271,-0.7023977,0.67955005,0.70055085,1.8681353,-0.35460097,-2.060183,2.6280415,-3.540044,0.0012170759,-3.5678318,-1.6332453,-2.148936,3.1888797,2.7567046,0.07754836,-0.14317651,-0.36068177,-2.6042092,-0.9739791,-0.36994904,-2.3889132,-2.9410646,2.542426,1.2393806,3.1419253,-0.6347938,3.3542628
http://www.benchmark.org/family#F3F48,-0.81660205,2.0238526,1.017921,0.98666424,-0.09788016,-0.82585675,0.22200258,0.41322282,1.8631241,-0.42714182,-1.4253085,0.7780955,-1.9434034,-0.24966915,2.2527435,-1.4308138,1.1988196,2.5634336,-1.2552717,1.1468041,-0.43689227,-2.193906,1.5923283,0.5753394,-1.7596122,0.99172455,-1.0690601,1.3024611,1.9431691,2.6537168,0.35340568,0.5886534
http://www.benchmark.org/family#F2F24,-0.48450488,1.7515613,0.19368973,0.8732409,0.40075153,-0.5043977,-0.09036842,0.35327706,2.4698706,-1.590568,-0.76981074,1.736133,0.6266129,-0.7407578,-0.07837035,-0.43586972,-1.0485082,0.8657633,-2.041907,2.271842,0.2606055,-0.98057854,0.811394,0.605912,3.3362486,-0.7215002,-2.8038137,1.2905533,-1.1074592,-2.234381,0.9796437,0.41327927
http://www.benchmark.org/family#F6F77,1.0269587,2.236956,-0.7208281,0.8597901,-0.2589902,-0.8071292,0.59235835,-0.1362021,2.4507382,0.11749904,0.8121415,2.601566,-3.0121422,-1.7427812,1.2697076,-2.241084,0.2225737,4.607444,4.6218004,0.5162117,-0.5467506,-0.08779164,-3.5245156,-1.3482217,4.9869266,-4.061969,-2.4840772,2.5559042,0.84235907,2.327264,1.2889028,1.0665271
http://www.benchmark.org/family#F10M176,-0.23015301,2.2857723,0.2609808,0.34160206,0.04631914,-0.9997705,-0.43518892,-0.41693026,2.3235228,-0.5890889,-2.8686967,0.25736654,1.4767902,-4.672091,-1.3402216,0.61947757,-0.31274894,0.04800983,1.3513991,-2.4576948,1.7195286,0.33324456,-0.43277383,-0.39300257,-0.6761728,-0.72295064,3.0756567,1.8315185,0.80088234,-0.96043485,0.7321938,1.1169087
http://www.benchmark.org/family#F2F17,-0.0056343316,2.568638,0.29097688,-0.31664854,-1.0868831,-1.1390313,-0.8669032,0.27385667,1.5158663,-0.5115477,2.6359286,0.72110933,6.644479,-2.6995773,-2.556512,-0.3560866,-0.46766254,3.1789951,-0.39345908,3.778705,-0.41073948,-0.98064387,2.5771635,-1.0218813,1.7794839,-2.3645563,-0.40797958,5.1221533,-2.072104,0.8753485,-1.4991257,2.71773
http://www.benchmark.org/family#F10F189,0.42697287,2.3199062,0.9640687,0.46068913,0.14707644,-0.52447265,-0.44077045,0.47596267,2.6799364,0.18681575,0.22113684,2.8901436,-0.08019853,-0.85357094,3.770423,0.09937339,-2.3970432,2.171933,0.47246397,-2.6817677,-0.23600881,0.09855601,-0.5470677,0.68700254,2.3125193,0.411523,-0.7899531,0.98776644,-0.9406592,-2.0730689,-0.97951955,1.0906893
http://www.benchmark.org/family#Mother,-0.34103587,1.7595117,-0.36889547,0.34540492,-1.0884472,-0.28204092,0.25869834,1.486477,2.0208273,-0.5183046,1.1876336,0.70582354,1.1795527,2.6640377,1.2680956,-1.3941764,1.2897333,-6.231515,1.1016124,-0.40514278,-0.9369548,1.2381915,0.20277287,-2.1742194,2.5010543,-1.1627115,2.837435,-0.13587728,-0.6122937,1.3501198,-3.0866644,1.3544168
http://www.benchmark.org/family#F5M68,-0.39286634,2.6693738,0.113122515,0.15507148,-0.2636254,-0.38284144,0.50427395,-0.19566257,1.5785273,-0.8668106,-3.2109876,2.4097342,-1.8795683,-3.2968135,1.1757082,0.9323199,2.1802104,-0.471087,-0.74355716,0.67367834,-1.4324846,-1.5409994,1.2495021,-1.3762152,1.5201293,-0.96581703,1.0869726,3.8362362,-1.1832497,3.1528559,-0.33812556,-1.9035562
http://www.benchmark.org/family#F9F140,0.078124925,2.3794625,-1.519282,0.43175638,-0.460353,-0.3572845,-0.25902048,0.97540045,2.3363206,-0.020489335,4.1693134,1.2974373,2.68489,2.0692837,-3.326672,-0.008989634,1.1468469,4.021677,-3.4050796,-0.43682906,-1.1326706,-1.6819465,1.3021984,-0.7892389,4.2027183,-2.2113419,1.2251418,2.6142588,-0.989815,2.8604465,0.20500457,2.9497066
http://www.benchmark.org/family#F10M184,-0.38186195,2.3406947,0.41847965,0.033823192,-0.22489046,-1.0764637,0.83178717,-1.1140401,2.0010788,-0.947321,1.65002,0.75582874,-3.3684487,-5.151129,0.9279592,-0.5323471,-1.1949875,-1.4015644,-2.2421205,-5.6279554,-0.9953681,1.3870859,-0.032521136,-1.790181,2.4951177,-2.2251923,-0.6668936,5.6810374,1.356487,-0.66107494,0.9931177,1.1958166
http://www.benchmark.org/family#F10F181,-0.6328277,2.4226906,0.8533742,2.8769026,-0.4487941,-0.59626764,-0.23738094,1.4407796,1.9500477,-1.1214504,2.0689592,1.2101421,2.1776736,-4.6369233,-1.8252014,-1.6323805,-2.7928119,0.29817215,-0.16779551,-6.2617254,-0.8868702,-0.3103296,0.54428625,-0.8770594,-2.7529614,-2.2209387,-0.86831826,3.7752252,-2.0739684,1.1442292,0.23913403,-0.81137013
http://www.benchmark.org/family#F6M80,-0.8670888,1.8146989,0.19011754,1.1177039,0.12014558,-0.9459524,-0.19226721,-0.22182174,2.3072906,-1.4045502,1.6247985,-0.15231752,0.5459119,-2.866599,-2.8539295,-0.6885507,-0.37387305,-0.12288159,1.6606501,-0.14404769,-0.9266042,-1.5225252,0.8701686,0.9575711,0.66228855,-1.2044741,-0.54462916,1.171703,0.69539154,0.013624788,-0.090523824,-1.522493
http://www.benchmark.org/family#F6F87,-1.5134969,1.8244972,-0.34572414,1.0549458,-0.09809109,-1.2147406,0.825151,0.38778687,2.2671385,-0.7396299,-1.2015516,2.30822,-5.8849816,1.1522845,-3.1015396,-2.3602047,0.68583626,3.41312,0.19823916,-1.9025668,-0.983839,0.28835365,2.3965333,-0.625992,5.3752384,-2.4691842,0.10258015,3.4612274,1.9332001,-3.9051914,0.13003135,1.8685032
http://www.benchmark.org/family#F1M8,-0.43631124,2.6004505,0.73431593,0.83505225,-0.23108158,-1.0564909,-0.876186,0.26098344,2.6659756,-0.77612245,-1.6462673,1.2163799,1.3816055,-4.981557,-2.4096303,0.13124692,-0.058876034,-0.9870186,1.5660532,2.5776873,-1.6925405,0.33266696,0.8929526,-0.16423959,-1.8401042,0.36964354,1.4102498,1.3589108,0.18619224,-1.4909043,-0.31159177,4.905828
http://www.benchmark.org/family#F7F105,0.6923885,1.8714982,0.7083731,0.879384,0.017884905,-0.86286205,0.22993004,0.97578067,2.642877,-0.61389035,4.1340685,2.3109286,-0.8861974,-1.1996405,-0.035213005,-1.5331532,3.8417277,2.1782494,-0.16264972,0.8853253,1.2611562,-2.331048,0.45366696,-0.45568067,1.8278117,1.2554226,-0.5767694,2.1490402,0.14870815,2.923512,0.40361843,0.79789454
http://www.benchmark.org/family#F7M123,-0.43249917,2.1933804,0.77375376,0.8832306,0.8932652,-0.5594233,0.006400342,0.091548376,1.8435612,-0.6563762,4.5089135,0.009432398,-2.3317714,-1.7655605,4.342315,1.4482484,-1.34642,-0.5522506,1.7073746,5.1743426,-0.435943,-0.7505891,0.04535561,0.3515249,-1.055669,-3.9872453,0.95737725,2.4163616,0.37752286,4.525792,-0.3855016,2.961039
http://www.benchmark.org/family#F2F36,-0.5551208,1.8804238,0.70734984,1.6562723,-0.6664385,-0.29878804,-0.57805645,0.72939694,1.7474219,-0.5525295,-2.210556,-0.96596676,-2.865299,2.485073,-3.5070248,-0.4129379,-0.8348583,1.3588829,-1.5052204,4.055541,-0.45310545,1.7883805,-1.891623,0.7274279,-1.5992395,-2.9573298,-4.1714807,3.048733,-0.7482098,2.2459157,-1.6363015,0.060975738
http://www.benchmark.org/family#Father,-0.67524296,2.302388,-1.1230723,0.683154,-0.4897279,1.6849399,-0.57995194,-0.3172202,2.0544136,-0.70010674,2.8445005,1.8031255,0.36487347,3.5961454,-0.67416716,3.91174,0.37952638,0.9526092,1.3108847,-0.52524906,-0.36207372,0.33885697,0.12119497,-1.4501741,2.7537572,-0.022575445,2.210851,0.7467089,1.6267601,1.8372331,-1.8834932,1.6014172
http://www.benchmark.org/family#F2F38,0.084132,2.243604,-0.35811874,0.65621907,-0.86819214,-0.9881159,0.108896196,-0.12982856,1.9604888,0.0031047894,-0.34858203,0.39434105,-1.6363214,0.87177193,-0.62259334,0.22212246,-1.588229,3.278069,-0.4560662,2.0197954,1.2376155,-0.045088615,3.0276852,-3.515766,5.139828,-0.7069881,-0.6034481,2.195994,-0.5020536,-4.759459,1.1282129,0.3413365
http://www.benchmark.org/family#F7M113,0.036687527,2.4383087,-0.08110441,1.9955661,0.08899753,-0.61643386,0.92425585,0.057199545,1.2325917,-0.91584015,3.9249995,0.5575188,-6.5067897,0.6986439,3.1517415,-0.14699325,0.45493418,-1.0220414,-1.434672,3.061628,1.3952652,0.55453646,-1.4666921,0.010112122,-0.7635812,-2.3036466,3.769285,4.3602667,0.18288396,2.119605,-1.0542724,3.147179
http://www.benchmark.org/family#F2M16,0.2229153,2.3488843,-0.9342761,0.98153955,0.37183106,-0.56040114,0.059459176,-0.0004950105,2.424776,-0.33307117,2.9691226,0.86008555,1.127229,-3.8863869,-4.0512094,2.8502123,1.7229553,-0.97530776,-0.89047766,4.305825,1.1342005,-0.124178626,-1.9634852,-0.77629465,0.97540295,-2.9130135,2.8368447,0.8963709,-0.4177131,-2.0924375,0.2760635,2.3963938
http://www.benchmark.org/family#F9F163,1.0493833,2.6324139,0.64053065,0.25693005,-0.2906928,-0.92630136,1.074524,0.073378764,2.441887,-0.7355314,-1.2553996,1.956922,-0.64672416,1.5297302,0.89861864,-0.024597734,-2.1733916,3.0919185,-3.7074733,-0.509873,-0.73677325,1.2734367,-1.1269989,-0.7395171,-1.5185459,-1.7749816,-2.3077593,1.3638647,-0.5452033,-1.3783563,0.99788636,-0.18110384
http://www.benchmark.org/family#F2M35,-0.12920664,2.6749225,0.258095,0.38105637,-1.0541023,-0.5070289,0.279212,-0.36918482,1.8311644,-0.24370196,-4.3077435,2.0499942,0.7443137,-1.734708,-1.8846422,0.7353216,2.2288787,-0.31862813,0.37771213,3.9641793,0.21371591,-0.096659265,0.46889326,-0.4895474,0.86599475,-1.1460557,1.017432,4.1170073,-0.79863745,4.3405495,-1.0286049,-0.1766476
http://www.benchmark.org/family#F6M81,-0.79404193,2.377564,-0.12797126,1.1157516,0.35489097,-1.3522793,-0.59606254,-0.390472,2.5394342,-0.26380727,4.5500216,1.8956016,0.80345273,-4.135787,0.459716,0.045583013,0.8246936,-0.45205554,3.3785503,0.17042446,0.12540221,0.22642335,2.6509123,0.6448381,-0.5891699,-0.48282698,2.289554,4.2125316,0.9280867,2.027236,-0.44243768,-0.2731122
http://www.benchmark.org/family#F9F152,-0.47335395,2.1593082,-0.058064085,-0.11694148,-0.38558936,-0.65923023,0.24650265,0.6718108,2.5879314,-0.56582767,2.316592,-0.5896784,0.378163,-0.060013466,1.8670671,0.4770238,-1.0411612,0.9986853,-1.9760411,-1.9784837,0.9988852,-0.23280312,0.9125626,1.3944517,2.6129725,1.4019746,-0.15832788,1.3241582,-1.1500807,0.1153061,-1.5509533,4.965158
http://www.benchmark.org/family#F3M50,0.8971749,2.7574654,0.96938574,1.2814556,0.32903427,-0.41231415,-0.33448896,0.70038927,2.2200046,-1.1637423,3.0814,0.98080033,1.7487587,0.78506494,0.8079717,2.520311,0.15328462,-0.5572308,-1.6406337,0.9307599,1.2488658,-1.9487138,-2.1050467,-0.8971128,8.349062,-0.07639828,2.3326945,2.3146884,-0.27085343,0.30424505,1.484559,1.5770285
http://www.benchmark.org/family#F7F124,0.089599684,2.5509923,0.9685894,1.1739943,-0.15851723,-0.41496646,0.38197973,0.736356,1.9165415,0.6739278,2.6408894,-1.0369648,-1.3425231,-1.9952627,4.1964293,-0.84526193,-0.2619495,1.8061837,1.2764031,3.1215632,0.16702756,0.115619056,0.6724254,-0.34846905,-2.0175872,-0.35349134,-0.53893936,1.3527156,-0.861076,2.3478582,1.5535647,1.793587
http://www.benchmark.org/family#Grandparent,-0.4960369,2.5894382,-1.089082,1.0633001,-0.36253783,-0.32474163,0.23965947,-0.48346135,2.1653433,-0.30694702,0.8859685,2.6466014,1.1220397,4.104538,0.6091891,-0.55949825,-0.43405882,-0.43317628,1.9930217,1.2146168,0.7861051,0.14439906,-0.6622503,-0.19404267,2.5804913,0.14727744,1.9677129,-0.08595349,-1.9380851,0.29995227,0.5798498,5.397818
http://www.benchmark.org/family#F10M173,-1.0741369,2.8327386,1.0279443,1.0316955,0.12791996,-1.4368857,-0.53750354,0.7846604,1.8467766,-0.17568684,-2.9928298,2.0772257,3.4815395,-2.899965,3.262092,0.907086,-1.0483207,-2.0601017,1.0954711,-7.88599,-0.7667447,1.6055422,3.351654,-0.2923825,-1.5838737,-3.3257897,0.27866802,2.8708277,-0.83714575,3.1152458,-1.1084144,5.384015
http://www.benchmark.org/family#F7M125,-0.6863606,2.355414,-0.14111778,0.32246,0.7774964,-0.7649514,0.22760056,-0.46289283,1.7141616,-0.76095396,2.914019,-1.3566697,-3.944631,-1.9435103,1.4758168,1.0664293,0.58355623,-3.1265419,1.8990343,3.9216657,1.8104211,-1.0376511,-1.9194895,-0.8214541,0.61061114,-1.7379845,2.7805707,3.5365307,0.014078026,-1.4692822,-1.4405133,0.42052162
http://www.benchmark.org/family#F7F108,-0.023448694,2.2351193,0.12285804,0.52980494,0.13038991,0.0037047612,0.9041841,1.0090978,1.7133683,0.24057241,2.6701145,-0.3467601,-4.6943593,1.2839127,-4.362068,-0.33857417,-0.5893751,4.268303,-1.5627761,2.851266,0.5507282,0.21468334,-1.8936993,-1.2195268,0.22142954,-2.4819036,2.4853437,4.1288834,1.3602271,0.67291963,0.6426037,1.0561162
http://www.benchmark.org/family#Daughter,-0.47963762,2.0539198,-0.8232524,0.57643884,-0.2693042,-0.41462648,0.4618807,1.0443487,2.8525193,-0.743327,-0.0055820486,-0.7403734,1.2171638,2.2818959,-2.5753288,1.2658224,3.9961941,-2.9060464,3.2758565,-0.40286145,-1.9146706,-0.24996097,0.02693689,-0.17846231,2.5393293,-1.1367513,2.5389533,-2.1900988,-2.6216085,-2.1305888,0.08608651,-0.019227382
http://www.benchmark.org/family#F8M136,0.61337924,2.471181,0.72877425,0.9778884,-0.2686146,-1.0056753,-0.8508206,-0.7030627,2.0041442,-0.48064128,2.9433334,2.07889,2.1137815,-5.633307,-0.19534296,1.5005258,2.0413294,-1.5962211,-1.5472342,0.03499148,0.7704282,-0.8054986,-1.393034,-2.0438795,-4.946093,-1.3920984,2.5258214,3.226456,0.36873385,0.1301327,0.3738884,1.8164287
http://www.benchmark.org/family#F7M102,0.4233873,2.4064615,-0.7931772,0.83105975,-0.23118146,-0.8903265,-0.06390108,-0.34863824,2.5391512,0.079312764,3.5347345,3.596976,1.206629,-2.1143625,3.4437869,2.6094642,0.31541973,0.69318837,-0.27557805,0.90120256,1.0630945,-0.9088078,1.5366365,-0.40678182,-1.2121798,-1.238467,3.2798676,0.777965,0.4944193,-0.8435816,0.22382315,1.895938
http://www.benchmark.org/family#F10M171,0.6113642,2.05037,-1.4432515,1.7236623,-0.46694472,-0.7581413,-0.46513718,-1.0409262,2.445993,-0.55455035,1.6525635,1.3860344,1.5444441,-1.1737796,-0.20459582,2.340269,0.5096538,1.7536199,1.0899127,-5.3596144,-1.2897478,0.5506968,-2.418131,0.2766745,4.451682,-2.1903489,2.1141553,1.0718373,1.2917404,0.46880504,0.010661881,1.1580179
http://www.benchmark.org/family#F4F55,0.16319542,1.9051749,-0.5271206,1.5832465,0.10163286,-0.7206109,-0.24761398,0.11600387,1.4741614,0.035638258,-0.7626881,-1.8507816,0.21203683,-1.2374586,-2.0116444,-0.96723205,-1.1878272,2.1503553,-1.3006809,0.36762,-0.55453527,-1.067974,-0.6251817,1.2373124,3.618593,-1.3283952,-0.16966482,1.2676272,0.80845416,1.68937,1.178383,-1.2277997
http://www.benchmark.org/family#F6F74,-0.12685247,2.393399,1.3661544,0.55489117,-0.19531238,-0.27663922,-0.027313275,0.34651074,2.156521,-1.1577406,-0.2911538,-0.009505175,1.9438366,-0.8903027,3.3010309,0.24432665,0.9159366,1.5160707,0.6370897,1.8052666,2.123434,0.04015159,-2.106325,0.3149547,-4.684412,-3.0457802,-2.3806512,0.92660534,-0.5179855,-0.8869928,0.48952326,2.8295958
http://www.benchmark.org/family#F10F201,-0.98980963,2.0959675,-0.0701684,0.19672772,-0.306102,-0.9662457,0.78098077,0.397577,2.2140365,-0.3444948,6.2769127,-0.16645207,-2.584685,-0.13838008,-3.6475024,-0.9134829,0.6229576,1.471771,1.5813363,-1.2387829,0.20637828,0.59085876,1.9450349,-0.030564528,3.2581406,-2.2819526,0.5995188,4.149561,-0.5159255,-1.15478,-1.4289795,-2.0228095
http://www.benchmark.org/family#F7F114,0.22201441,2.4763649,0.1796526,-0.306748,0.1508149,-0.9416715,-0.4139124,0.14346555,2.2929468,-0.22260621,1.8381782,0.4724888,3.6930404,-0.34610966,1.3119731,0.45996377,0.13040605,1.590052,-1.0750666,2.6522334,-1.6137451,0.11608127,-0.2531818,-0.9035037,0.5169936,-0.52709943,-3.8704765,1.4312537,0.7307411,-1.120176,-0.6060908,-0.5380862
http://www.benchmark.org/family#F7F127,0.28753692,1.518661,-0.04791574,1.0319442,0.801071,-0.87481767,0.31201124,0.10782489,2.5404112,-0.34084767,4.1340795,-1.3995211,-3.4171586,-1.9347212,-0.5996513,-1.1267211,0.16889799,3.3958092,2.3496654,3.123391,-0.9893091,0.022013407,0.031275496,0.08886059,4.8598013,-0.86339206,1.7418364,3.2043507,-0.54571855,-2.4136424,0.3488242,1.8385783
http://www.benchmark.org/family#F10M194,0.14472532,2.6397383,0.47481886,0.444275,-0.22086352,-1.0228873,0.43655747,-0.33389124,1.7753593,-0.3497452,2.168845,-0.20974389,2.8808753,-2.6844878,-0.13294284,0.45683095,-0.6017864,0.2848827,1.1482298,-2.0997274,1.6173407,-0.055345234,0.3847139,-1.0784192,2.0249763,-0.0311624,2.6425984,1.5380409,-0.28047207,-0.40972427,1.328798,-2.1448483
http://www.benchmark.org/family#F8M138,-0.88715315,2.8931842,0.91734123,0.6517297,-0.50792265,-1.2960882,-0.37957293,-0.15161608,1.0499983,-1.2715108,3.070707,0.70271456,-0.3627222,-2.8647666,-0.78579134,-1.6612183,-1.4658622,-0.52650803,-0.99780816,0.4708157,-0.4772199,0.18840022,1.3100647,0.671694,4.387586,-0.3908202,1.0004052,3.383734,-0.37856805,0.4822879,-0.60617924,-1.9499168
http://www.benchmark.org/family#Grandfather,-0.6009592,2.5162494,-0.6354859,0.32137007,-0.08035065,0.97562194,-0.5818693,-0.1754475,1.6876059,-1.8637335,1.4660579,2.348046,1.5449835,3.269122,-0.12270917,3.1969597,2.571887,1.0682399,0.8204832,0.82281756,-0.44264993,0.09121026,0.18815209,-1.9244089,1.461078,-0.96458983,2.6824481,1.3861495,3.5745904,3.364275,-1.9851106,-0.31824204
http://www.benchmark.org/family#F10F174,-0.75694174,1.9510311,0.39025182,0.76337457,0.51535386,-0.93536,0.17570284,0.41296008,2.1097443,-0.50488913,-3.9500065,-0.3610525,-1.7786849,-1.7763327,1.5305679,-0.8327964,-0.7829678,1.9500437,0.30830884,-4.0471797,0.37417224,-1.8978572,0.93014234,0.2834924,-0.27194262,0.63110095,-0.353169,0.7838892,-0.8350181,0.746789,0.21984017,1.0105534
http://www.benchmark.org/family#F7M120,-0.6938438,2.9490972,1.3314741,0.44074377,0.20030588,-0.40584958,0.37581268,0.8052193,2.1093779,0.1095666,3.5995712,1.7135636,2.5307171,-2.0247536,-2.8232133,1.0276645,-1.1884409,-0.5401496,0.1819855,1.7725999,0.09835217,0.6065412,-0.7230661,0.78557205,2.5371318,-1.034638,3.4939911,1.271692,-0.6787258,0.042844884,0.63253886,1.3787223
http://www.benchmark.org/family#F9M165,-0.53409165,2.642421,0.7011326,0.6643204,-0.30531827,-0.5516136,-0.09750992,0.12390357,1.6280278,-1.2593497,-1.2718954,0.9651012,0.4133811,0.0698458,-0.6041737,0.8868008,0.3250007,-0.42968434,-1.6180289,-1.020644,-0.979227,-0.48523304,-0.30758944,1.1878605,3.1046503,-0.6941464,1.4227946,1.236189,0.45703995,-0.40909815,-0.27719212,-2.9910648
http://www.benchmark.org/family#F5F62,-1.0038841,2.440474,-0.18857653,0.80956864,-0.880521,-0.5154802,-0.45649964,0.21630499,1.4623789,-0.6281694,0.015581283,0.23883162,-0.16876537,-1.1795572,-1.0379468,-0.987989,-1.7324138,1.4969761,-0.24380901,-0.7728654,0.352279,0.40623587,3.0692072,0.28110367,0.23073547,-0.06527034,-3.4716902,2.7676795,0.5592047,-1.5621908,-3.8502128,-0.16215843
http://www.benchmark.org/family#F10F191,-0.45066568,2.2691813,0.03432528,1.0404286,-0.21204658,-0.76920575,0.36664987,-0.016644059,2.7763948,-0.013356036,-1.2555902,2.6005788,3.6845179,-1.9469277,2.3327944,0.13542056,-1.1697972,1.8118858,-0.2718934,-1.4283227,-2.0374527,0.43195912,-0.41473985,1.151501,0.045892186,-0.8725714,-1.705341,1.1291475,0.5781256,-1.8550143,-2.4407685,-0.97350913
http://www.benchmark.org/family#F7M109,0.65107274,0.849949,0.8471771,1.4681996,-0.03793884,-0.6115616,0.5613458,-0.013470362,3.293688,-1.289793,1.3824842,-2.1707027,0.4119111,0.88420635,-2.9365084,0.9821978,0.27508193,0.147744,-1.0082984,1.1746053,0.060461566,-0.4321073,-0.2456856,1.3415304,0.23332785,-0.010033275,-1.8244836,0.8500123,1.9927964,1.3344207,0.61028874,-1.3065244
http://www.benchmark.org/family#F9M153,-0.15194516,2.5188224,1.3037424,0.84771353,-0.5162796,-0.907621,-0.5420357,-0.10860659,1.5544523,-1.6067823,5.710243,-0.6254716,-1.9051285,1.6035444,0.14009576,0.8837656,1.3130226,-0.44072428,-3.425437,-3.6684127,-0.49761862,-0.17748944,2.8657806,-1.0159075,-1.4258885,-0.89691466,-3.5666482,3.7744787,-0.82515615,4.0885963,-0.6920057,3.7375338
http://www.benchmark.org/family#F7F116,0.27932325,2.5623899,1.3535328,0.7829417,0.324875,-0.8906376,-0.071513936,0.4239087,2.1342945,-0.8827696,-0.42183587,3.8162417,-0.5358526,-0.73705727,-2.2195375,-1.0468061,1.3805023,2.4909744,-1.5618383,-0.5005482,-0.41800022,0.17090644,1.2297426,-0.4148938,-1.3125942,1.8002952,0.5861533,1.3024688,-0.1403425,-2.1671906,0.4052222,1.7192017
http://www.benchmark.org/family#F5M66,0.9320552,2.3956308,0.8648349,-0.07186309,-0.042963434,-1.1819612,0.5008944,-0.6186682,2.230154,-0.7786255,-4.045851,3.8599849,-1.2343953,-3.660596,-0.5825291,1.5538416,-0.9114995,-1.4756844,-0.5146181,-0.55920494,-1.2974455,1.1244019,-4.2540703,0.63759625,0.00495495,-2.5762563,3.9472506,3.5742664,-0.8351414,-0.6138525,-1.4852089,4.494078
http://www.benchmark.org/family#F6F82,-0.67654675,2.2174494,0.4833414,1.3223957,-0.23487306,-0.5644654,-0.13020268,0.28553295,2.292226,0.097625375,4.289849,1.8308487,-0.38340193,-4.4937944,1.2668189,-1.0338925,0.93263364,1.6074395,2.13569,-0.99240565,-1.1105303,1.6527057,1.7278668,-0.487686,0.53574556,-3.4327133,-1.127446,1.012946,-2.7733727,1.9597911,0.51712155,1.4372029
http://www.benchmark.org/family#F6F76,-0.44648278,1.2632585,0.19293228,1.3444369,-0.88225496,-0.29657722,-0.30445206,-0.001368198,2.89128,-0.5682156,-1.7036494,-2.0358284,-0.34159207,-1.0803177,-0.8777067,0.26111737,-0.6738348,1.4242252,0.5212247,1.282053,-0.46891978,0.46398133,0.615821,0.88389724,5.149292,-0.9706509,-0.98044133,0.6336248,0.41065434,-1.1017567,0.6406697,2.7339864
http://www.benchmark.org/family#F3F41,0.25121006,2.305765,-0.24308027,0.09582847,0.3669723,-0.89207387,-0.64050484,-0.084770285,2.68007,0.5061591,1.1977049,2.391636,1.3519664,2.260301,-3.356254,-0.77782816,-0.7389849,4.7245207,-0.22612946,4.46486,-0.79942065,-0.6795544,-1.5365343,-0.7517335,5.041099,-3.1614065,-1.2418342,1.3499877,-0.2586591,1.5293227,0.4173652,4.3694744
http://www.benchmark.org/family#F6M73,0.8038147,2.3575377,0.43696404,0.6082809,0.5187138,-0.83609504,-0.7122771,-0.2378489,2.269462,-1.2366663,-2.1039615,1.3234068,-2.744742,-1.1872433,3.5173347,2.097304,1.8829893,-1.7990619,0.7894061,1.1733035,-0.12802927,-0.20329766,-0.49819252,-0.97169155,-6.507607,-0.38181537,2.8743265,2.2190206,-0.51569337,-2.3421197,0.17045969,1.6010615
http://www.benchmark.org/family#F2F14,-0.7029364,2.7086303,0.45791954,1.1214694,0.15507242,-0.41405687,0.44412678,0.4766673,2.0377433,-0.59457105,0.308809,1.1695448,-0.76449347,-2.9984384,2.1303113,0.6124354,-0.7962266,1.3382204,-1.3020054,1.4223533,1.262954,-0.01763674,0.12014925,-2.5998757,0.72508615,-0.18623102,2.3170898,1.7195393,0.30425745,-2.4417496,1.9424734,-1.5443089
http://www.benchmark.org/family#F9M170,-0.6854424,2.2125692,0.7997957,0.3657115,0.3183258,-1.2414027,0.3830181,0.2759677,2.8030756,-1.5711578,-0.55921674,0.7029365,1.4737773,-3.1725137,1.0900998,0.48518816,1.097124,-0.0668997,-1.9735298,-0.06745514,-0.10564244,-0.7167514,-0.30796388,1.3926634,2.7871628,-2.8956914,3.0673602,0.96871066,0.22363071,-0.45800054,-0.22344735,-1.079993
http://www.benchmark.org/family#F3M51,-0.72010946,2.38091,-0.2750098,0.98496735,0.33541888,-0.8208603,-0.24273133,-0.67325574,2.2175672,-1.0439497,2.778336,0.51586205,-2.1963928,0.021457627,-0.62304544,0.6084865,-0.760765,-0.38425562,-2.1009886,3.1224058,0.080013864,-1.59505,1.6577554,-0.362534,-4.09242,-1.9466544,2.4030707,2.8961728,-0.2828205,0.3249179,-1.3131368,-1.0800247
http://www.benchmark.org/family#F5F67,0.64689726,2.240743,0.10842897,1.850485,-0.3548481,-0.46855605,0.5102294,-0.011367702,2.5910363,-0.6815433,-3.9465652,3.4307997,-0.92078024,-3.3671534,0.3441736,-0.8633123,-2.226257,1.9303148,-1.0579233,-0.68043214,-0.513841,1.4264216,-1.1028923,-0.53563744,-0.5959475,-0.23467956,-2.2497907,1.5346286,0.27122122,-1.6624451,0.9286427,2.0298488
http://www.benchmark.org/family#F8F133,-0.29435852,2.4673345,-0.8107177,0.5342955,0.22249205,-0.57531196,-0.27857634,0.6550214,1.8830044,-0.21460189,-0.40326133,2.3606308,1.1390011,-2.0513384,-2.2539604,-0.5531524,-1.5434339,0.9517128,-1.0139416,0.13632038,-0.53544366,0.88355565,0.40141305,-0.18706457,-2.3996587,1.035371,-2.6023784,1.9917382,0.56333333,1.4794614,0.8697064,2.7935393
http://www.benchmark.org/family#F2F15,0.44242534,2.1758783,-0.5741815,1.1064255,0.3030553,-0.49613202,0.058964327,0.23132473,1.7555518,0.04362896,-0.49129853,-0.6793657,3.1236377,-2.7109838,-2.6184719,-0.47294992,1.1652318,3.0787992,-1.8186349,4.154401,-0.064531446,-0.5454878,-1.0819584,-0.81752425,0.574093,0.63473594,-1.9584438,3.2010186,0.43721318,-4.659632,0.6934629,0.93215907
http://www.benchmark.org/family#F9F158,-0.78897786,2.7464843,-0.55910915,0.016043305,-0.021874296,-0.9240814,-0.63894653,0.053750228,1.829921,-0.32401666,-1.5509157,0.9032186,-0.32824144,0.49779618,4.6373835,-0.8098581,-0.3808012,3.836353,-2.8997571,-0.57736105,0.38211688,-0.25553823,1.4317572,0.119568385,0.5605926,0.28927273,-0.19376403,1.692844,-1.2409097,-1.560792,1.6288054,0.880912
http://www.benchmark.org/family#F10F198,0.6105418,2.5452652,0.9287144,0.32186744,-0.45227864,-0.30470884,0.5693205,0.22701205,2.6961117,-0.5073513,5.440935,0.865944,-1.3612598,-0.24536197,0.34568927,0.14632648,-0.91838205,1.7398739,1.4010874,-1.1991318,-0.04908443,-1.0423135,-0.9184796,1.220983,-2.057211,-1.1610732,-2.6912875,0.62643164,0.36596382,0.39826244,-0.4521735,2.8587086
http://www.benchmark.org/family#F10M202,-0.31429413,2.4457822,0.23353404,1.2876524,0.42065796,-0.32175004,-0.23787303,-0.5734981,2.1102123,-0.7779228,3.754986,0.3607372,2.7084,-0.7710682,-5.0135474,0.97909915,-0.78248054,0.3916967,1.6827468,-0.4840464,0.72681075,-1.1503164,0.9346904,0.12636234,4.0566654,-0.4922654,0.83474016,2.0744007,0.53491634,0.32573918,-0.48552576,4.2607045
http://www.benchmark.org/family#F9M149,-0.3861017,2.8817708,0.13024685,1.124249,0.37285182,-0.7150594,-0.064169176,-0.34153995,2.1971028,-0.54507154,2.1379232,2.1094253,0.815771,0.39484322,0.6918082,1.1782383,-0.32481784,0.8671015,-0.68466103,-2.3145328,-0.761339,-1.6798799,0.31639302,0.6704961,0.98668724,0.8576025,5.8226004,1.3388461,-0.6043043,0.019369114,-0.44036725,5.0091124
http://www.benchmark.org/family#F9F143,-0.4337713,2.028194,0.32266808,1.231372,-0.679737,-0.9848014,0.11240447,1.9347047,1.8756133,-0.37824443,4.2544866,0.5036367,-1.2861999,0.35531905,-4.605568,-0.18076086,-1.1815284,6.109185,-2.61635,-3.5587656,-1.2788393,-1.8420409,-0.4062865,-0.11324254,0.06763966,-0.84112984,-1.2503649,4.377042,-2.5216613,4.378231,-0.60545236,1.0525049
http://www.benchmark.org/family#F9M142,0.6903524,2.130126,0.49355632,0.3109667,0.22642958,-1.2904463,0.31197873,-0.22357216,2.7717218,-0.5723377,4.395884,0.8914531,-1.3566377,1.5428382,-2.49516,2.9335039,-0.62772346,0.5716183,-2.2665827,-3.1391652,-1.8480681,-0.706015,-0.54307437,1.458389,2.2496078,-0.36891517,1.1894454,0.98736644,-0.24888882,-1.6603949,-1.0238416,1.7813728
http://www.benchmark.org/family#F6F79,-1.0794599,2.2692833,-0.17828992,0.6216691,0.033452723,-0.70716065,0.27318805,0.47417855,2.1219316,-0.3168945,3.8354557,2.094649,0.59733164,-3.9449859,-3.6623461,-1.4152904,0.348027,2.6393545,3.409171,0.43477637,0.6979725,0.7231921,3.195227,-2.6619842,0.43430763,-1.3348546,3.2851758,4.6951766,-0.65654904,-0.26519233,-0.78301525,3.7576015
http://www.benchmark.org/family#F1F2,-0.28965163,1.981541,0.47959903,0.31402832,0.057141468,-0.7229065,-0.30849814,-0.06850589,2.313728,-0.54120696,-0.65208334,1.2596294,0.30047286,-1.4133642,-1.5680573,-1.164519,-2.0595,3.4364963,0.90111154,4.684676,-1.369943,0.4846449,-0.25702685,-1.0475618,-3.1113467,0.11012269,0.62062365,1.5280607,0.60547876,2.0184176,0.8739554,1.5121297
http://www.benchmark.org/family#F6F93,0.4819961,2.5065424,0.010033358,0.71603394,0.49428612,-0.72408116,0.9426441,0.19307232,1.879388,-0.75037813,-4.783892,0.11120035,0.53623515,-0.22440533,5.3042474,-0.42603707,-0.80064726,3.5394151,2.3140414,0.85372436,0.39128572,1.2308334,-1.8950495,0.4346974,0.6174303,-0.19320741,-0.09911336,0.77055645,-0.5959975,1.2815344,0.45901898,4.0972323
http://www.benchmark.org/family#F6F70,-0.98012406,2.6539898,0.9169948,0.4726105,-0.25662002,-0.8915631,-0.12810233,-0.09603994,2.0280838,-0.009232917,-2.889636,3.0387502,-1.1030368,1.4566458,-1.9130354,-1.181784,-0.79273677,3.9654245,2.1913238,1.2229509,-1.7155445,0.2742627,0.6127743,-0.46882218,-0.51252866,0.33548644,1.9848119,0.71128625,0.26277727,-0.04684831,0.81164724,1.90073
http://www.benchmark.org/family#F6M85,0.77822196,2.07448,1.5674708,0.9268218,0.39178002,-0.5732325,0.45533177,0.39693013,2.6524374,-0.11150745,-1.7549102,3.260562,-0.7932274,0.6501292,-1.4806718,1.8166326,-3.797509,-0.23013158,1.8943368,-0.2954445,2.26889,0.20957376,-2.5213783,-0.25223243,0.68886644,-1.2454197,3.4857976,1.377301,1.2202878,2.4093618,-0.3393736,0.77101517
http://www.benchmark.org/family#Grandson,-0.6256831,1.9613937,-0.7532812,0.39454833,0.44023505,-0.39398655,0.41342974,-0.9817729,2.1572936,-2.285463,-0.29961762,-0.16318649,0.17383042,4.890125,1.6903199,0.97752935,-1.3463929,4.091559,0.6954913,-0.024521718,-0.55194813,-0.5303794,-0.7772031,-0.87222236,2.8074355,-3.063994,-0.48318437,-2.6657498,-1.9756387,0.59148836,-0.9499772,0.56136477
http://www.benchmark.org/family#F10F172,0.83973306,2.6297154,-1.3101784,1.0073106,-0.13789864,-0.24871151,0.26186886,-0.28601286,2.5420196,-0.050530247,1.660686,1.5773938,2.938595,-1.4900787,0.030469753,1.0316226,0.7151941,4.2355494,0.8240034,-5.69942,0.50137985,-0.10778895,-2.9528766,-1.0625645,4.6219354,-0.20888264,-1.9206787,2.0823658,-0.090788014,1.7503657,0.92444944,1.7170944
http://www.benchmark.org/family#PersonWithASibling,-0.10679912,2.3814611,-1.085511,0.55804145,0.510995,0.18721266,0.5292242,0.11555015,2.079675,-0.24253039,0.7332631,-0.44081098,1.3756963,3.533754,3.7277603,0.64267826,4.154904,0.5216665,2.7701573,1.779742,1.6214256,-0.39269897,-0.742667,1.8069029,1.4453852,-3.664084,3.5767975,1.6970329,-1.0117911,1.8521711,-3.2427073,2.676
http://www.benchmark.org/family#F2F12,-0.05309518,2.4965978,-0.90217763,0.13366097,0.370887,-0.8783524,0.37592778,1.0355788,2.2383335,-0.9579361,-1.6085645,-0.5186364,1.7531735,-1.2320726,3.8942208,0.3841771,-0.38580108,3.3783872,-2.4191751,5.1531534,0.6995721,0.18530379,-0.39192843,0.1459995,-0.2995407,-2.4487786,1.6989069,1.9433119,-0.1311585,3.7396543,1.6844481,1.888805
http://www.benchmark.org/family#F9F168,0.8780102,1.1403785,0.49352816,0.6025846,0.2669725,-0.99046826,0.43216342,0.2167852,3.1152864,-0.3778199,0.11908482,-2.043311,-1.2368934,-1.9518673,1.334313,-0.87179,-1.5679115,1.8936052,-1.4600788,-1.1452645,0.15269214,-0.2655252,-0.2619258,0.7745097,-2.4005668,1.1266286,0.8870386,1.5790489,0.60850674,-0.6762945,1.4395187,0.2672065
http://www.benchmark.org/family#F9F164,-0.583977,2.2334435,0.19273561,0.87141407,0.19246349,-0.23202343,0.6764547,0.66510266,2.0488484,-0.27536684,-0.55877966,2.574845,-2.1793566,1.3121114,-1.1834176,0.6771316,1.5216956,2.4881341,-4.445729,-2.0492494,1.5168722,1.2161479,3.9244368,-2.748728,4.7504115,-0.8921068,-0.8250248,6.1486354,-0.038597208,-3.5926383,-0.6603009,4.810103
http://www.benchmark.org/family#F1M6,-0.4238296,2.8890986,0.45403352,0.2884522,0.25739864,-0.9247572,0.44614142,0.11177101,1.8775729,0.03956034,0.22107458,0.44430888,2.5783012,-2.5147316,-0.78478324,0.60381514,0.14811562,-0.31677595,0.38277254,2.1031828,0.3824307,-1.6274124,-0.5112606,-0.5354845,0.83675885,1.5547833,0.50455064,1.4566815,0.083708234,-0.42275915,0.41476414,-2.479865
http://www.benchmark.org/family#F7F111,-0.4358535,2.8969474,0.14240779,0.69591826,-0.03718785,-0.41107118,0.35590768,0.51224184,1.4108726,-1.044872,3.7733364,-1.111513,1.7045648,0.86985505,-0.7836686,-0.6987901,2.1043215,2.0472865,-2.9452302,3.9474218,2.7238495,0.5207617,-0.16194056,0.8779119,3.384491,-1.31762,-0.5276015,1.4200519,-0.9551876,-1.4237583,0.24890278,0.32188684
http://www.benchmark.org/family#Sister,-0.35230607,2.3326309,-0.21865661,0.23978002,-0.7100102,-0.83024544,-0.28386182,0.870863,2.457975,-0.13436963,0.08433383,0.21147431,0.62948835,2.5927787,-1.7676026,-0.022034371,2.769914,-2.5720637,2.5518398,0.8459592,0.1669467,0.46131885,-0.024768876,-0.85282093,1.4351171,-0.74416614,1.8317249,-2.2832823,1.0501721,-1.5374302,0.82816756,0.15082483
http://www.benchmark.org/family#F7M107,0.14714767,2.3547533,2.0242085,1.4837797,0.3594633,-1.1830575,-0.16944714,-0.5140044,2.3187773,-0.44981235,3.7329607,1.2237195,0.055499047,1.6848137,-0.49929714,1.4985327,-3.9929562,0.8555762,0.02781226,2.9634311,-0.10506473,-1.1644428,2.6564791,-0.21738864,2.7374766,-0.18244489,1.9702934,0.074687555,0.6142959,-1.3566816,0.19728923,-0.253377
http://www.benchmark.org/family#F2M29,0.054864638,2.3496096,0.9817578,1.039231,-0.17410536,-0.08925539,-0.64356124,0.17159869,3.0496166,-0.85239303,-4.637351,2.0014973,-1.2439069,-0.85153663,2.0219715,2.8337746,-3.1419642,0.6689938,0.06420601,3.327855,-0.029000334,-0.5581169,0.29469305,0.15792279,-2.850419,0.60668325,3.1583765,1.5836169,-0.07363072,3.055019,-0.34177557,1.1681701
http://www.benchmark.org/family#F7M110,-0.22373658,2.0621538,0.034791935,0.7041943,-1.1574339,-0.8769267,-0.27059126,-0.65568167,2.4528441,-0.56643003,5.0619097,-0.60421693,-2.8440402,1.8109783,-2.5272126,2.440727,4.05932,-1.7889836,-2.7493148,3.926573,-0.77580935,-0.22721362,2.6949177,-1.1693779,2.4629703,-1.0640128,0.5607559,2.5273855,0.7002503,-1.739906,-0.9950507,4.3766303
http://www.benchmark.org/family#F2M9,0.32168236,1.365035,1.333869,1.0088358,-0.070428275,-1.2140878,0.15484332,-0.46992123,2.489848,-1.2653244,-3.82228,-1.1195554,-1.6355486,2.8241951,-1.1007522,1.7227423,2.0996437,1.475286,-1.2302923,3.6996837,-0.79628605,-1.953369,0.18406117,0.96437806,2.998782,-2.4545808,0.99000025,0.28562385,-0.095924504,-0.5718357,0.67355233,0.40376255
http://www.benchmark.org/family#F6F101,-0.44714957,2.3095555,0.28185922,0.38281563,-0.7065012,-0.4462623,0.021589682,0.18154672,1.8993186,-0.39364767,-2.2677243,-0.56441253,0.7740392,-2.249449,0.5700342,0.39961824,0.3486071,0.84131086,0.18540052,0.38780108,0.14235024,-0.3584907,-0.41151956,-0.30067033,0.27298242,1.6898925,-2.2809713,0.45438573,-1.1134287,-1.9390528,0.83184075,3.0097907
http://www.benchmark.org/family#F10M180,-0.85518456,2.6387463,0.49582937,1.2906005,-0.063380174,-0.36257926,-0.25474894,-0.2578545,1.5826247,-0.2454153,0.6386373,-0.0012692931,-2.3568377,-2.9290178,-3.3756456,0.2610804,-2.0489397,-0.08092679,0.38183767,-2.6165695,0.59397906,-0.7296065,0.98158956,-0.24110018,2.047335,0.14013802,0.2412991,1.6884344,1.3991807,0.23632354,0.7036472,1.3141564
http://www.benchmark.org/family#F10M182,0.23365182,1.9985448,0.73055047,0.83309007,0.107649684,-0.52423507,-0.24775472,0.4015698,2.6900249,-0.21343109,1.0034969,0.43231875,-2.3004897,-3.3775375,-1.3478639,2.6252964,-2.732895,-0.9807412,-1.341461,-5.832555,-0.32326877,1.1601067,-0.057045154,-0.61331296,-2.426299,-0.80858004,1.0593277,1.2286114,-0.39225534,-0.7377297,-0.6272899,3.8995087
http://www.benchmark.org/family#F1M4,0.52970695,2.4779494,1.7289385,0.7953445,-0.012590288,-0.16017783,-0.39082885,-0.0489062,2.1977134,-1.0761135,-2.168492,0.81195885,-1.8124502,-2.7120771,-2.305827,1.4468707,0.5052442,0.25492573,2.3676589,4.629609,0.22142875,-0.38577902,0.014452319,-0.027967202,3.138895,-2.096907,1.8412316,1.8001798,1.2316725,1.1908464,1.1591133,0.6098644
http://www.benchmark.org/family#F9M147,-0.21110529,2.256576,-0.06750988,0.43446776,-0.48113272,-0.8646079,0.45691916,-0.21478014,2.024473,-0.40648273,-2.689555,0.7827959,-3.3778718,-2.6752548,0.13075055,0.62664515,-0.16447878,-0.77721953,-2.6595924,-2.1414013,-1.4519236,2.19317,0.060751084,-1.8162258,-1.813393,-0.39015338,1.3309242,4.067339,-0.49305585,4.2029877,-0.6657069,-0.3002888
http://www.benchmark.org/family#F6M78,0.81882566,2.418536,0.057443008,1.4800072,0.71767306,-0.77262735,-0.38012064,-0.41660753,2.3724375,-0.6977648,3.3110132,2.4428654,1.423033,-1.264498,1.2381439,1.595819,0.44408724,0.48294464,3.6542728,-0.09028783,-0.27880386,0.6580165,-1.8458618,-0.1262391,4.132878,-1.51103,1.4907424,0.6554977,1.7686813,-0.06688205,0.10333541,0.43470615
http://www.benchmark.org/family#F5M63,-0.75763965,2.2962897,1.408287,1.1670879,0.40052423,-0.9127311,0.08931998,0.2413236,2.3395092,-0.67506474,0.55986714,0.59803,1.8655702,-3.5844905,-0.44527784,-0.07697234,-0.98178136,-0.358172,0.028227935,-0.07529597,-0.12468927,0.48931512,0.62279713,0.00063970766,-1.2550272,-2.7227015,5.0023303,0.75022125,-0.55321723,-0.49967244,2.0404005,2.5858643
http://www.benchmark.org/family#F6M75,-0.63003284,2.3282213,0.30870286,0.8504086,0.45769212,-0.33339152,-0.3807505,-0.04955228,1.8155196,-0.05443948,-1.0503299,-0.8748492,-1.2549509,-2.0290837,-0.3230209,1.3380883,-1.242819,-0.90708005,0.66580147,1.3825433,-0.31718335,-0.83389175,2.544854,-1.340646,5.8873053,0.14134058,1.5343227,3.7151103,-0.99067974,1.3827063,-0.7753085,-2.121445
http://www.benchmark.org/family#Son,-0.6293312,1.9253448,-0.9986486,0.72994494,-0.081142545,0.28667355,-0.13945381,-1.2375809,2.4528036,-1.1001661,-1.8690429,-0.024469515,0.76082003,4.127972,3.183709,1.466402,1.0421934,4.4284496,0.91413,-0.7030035,-0.10376468,0.45363918,-0.31050727,-1.0351461,2.0995948,-1.1531016,1.7964962,-2.1577003,-2.1802619,1.6409522,0.113247596,1.1497352
http://www.benchmark.org/family#F6M99,-0.13190155,2.310513,0.85115147,0.40091336,-0.17011397,-0.43833005,0.90133613,-0.43725052,1.8598876,-0.94274473,-2.7573707,-0.18431002,0.33639678,-4.1744604,-0.4733908,0.75922567,0.82413083,-0.42710266,1.5310316,0.60906434,0.4158975,0.33580467,2.5470583,-0.9024386,-2.7682498,-1.3058234,0.7195589,3.5911567,-1.0415615,4.054877,-1.1764778,-0.0011108578
http://www.benchmark.org/family#F2M32,0.2516669,2.4163444,0.4820245,1.5964224,-0.111378916,-0.61608845,0.1561501,-0.22934203,2.2575438,1.1161691,-3.1951616,1.2616026,6.3833594,-0.6365687,2.4242887,0.8750382,0.79926807,-0.9603498,0.9963783,4.69499,0.5166736,-0.7967095,1.0835444,0.66895664,-1.3331705,-3.542347,2.3453102,4.5057673,1.0439688,0.07512708,-2.2861295,1.434115
http://www.benchmark.org/family#F10F185,-0.08209595,2.547613,0.42813274,1.8683279,0.27321583,-0.48530972,0.026972668,0.52104867,1.9824734,-0.6675505,-0.21583278,0.42081827,2.9437046,-3.369131,0.66365033,0.13146459,-1.02675,0.94915986,-1.7747728,-3.6438212,1.6459956,-1.4440875,0.6161228,0.47282413,2.206246,1.3547405,-0.012757644,1.6753826,-0.091742456,-1.6295725,-1.3418807,1.3136784
http://www.benchmark.org/family#Grandchild,-0.35991013,2.336309,-1.6342038,1.6037813,-0.2656918,-0.15493101,-0.5583658,-0.36514452,1.9143138,-0.2354421,0.4977296,-1.7438649,2.0809884,3.2418928,-0.0065447893,-0.6269343,-0.28137368,0.9023983,2.4895546,0.69531864,-0.5572133,-0.6533492,-1.4666085,-0.6542523,3.2508926,0.30395058,2.2410593,0.9771256,1.6190262,1.9315125,0.22478075,5.334155
http://www.benchmark.org/family#F7M117,0.02729113,2.4879372,-0.9205186,0.6147654,-0.508386,-0.8917547,-0.2917701,-0.34595677,2.020792,0.18777287,-0.13396798,3.735741,-4.8619623,-1.2271533,0.52290934,-0.07417586,-1.7890054,-1.5657078,-2.2308347,-1.0432272,0.494487,1.1584862,0.13461885,-1.000001,2.129445,-2.7936556,1.0064803,5.284761,-0.83527654,1.8359843,-0.77831846,-1.4023849
http://www.benchmark.org/family#F9M166,-0.7423574,2.5523632,0.112164035,1.6864278,0.1019445,-0.6555055,0.97025794,-0.09015083,1.8727949,-0.29525793,-1.1841806,1.9217895,-1.812979,1.1801231,0.108804725,0.6414653,1.5466824,-0.72644717,-4.155807,-0.31379914,-1.2598188,0.56896,2.953168,1.085631,1.4024477,-1.2952758,0.65756047,4.3741646,0.15458593,-0.14429817,-1.9659711,-1.0018827
http://www.benchmark.org/family#Female,-0.18858948,1.9227221,-0.88973296,1.8372799,-0.46452656,-0.13496475,0.65628225,2.1156073,1.1632051,0.18334441,-0.3177708,-0.6640406,0.118987665,3.203399,2.6085012,0.2464346,1.5240397,-6.205894,1.7446849,-1.237221,1.2863945,-0.05684535,-0.583627,-1.1020371,1.2316499,-1.34626,2.9882474,-1.2099713,1.4034947,-2.3942182,-0.58357495,3.7786906
http://www.benchmark.org/family#Grandmother,-0.40564176,1.6601623,-0.018316725,-0.10954639,-0.62544703,-0.43683892,-0.42215565,0.9930233,2.569705,-0.8325031,0.6034854,1.4293721,2.8172941,2.9856465,-0.26197407,0.05804084,2.7902534,-5.080837,1.3577992,1.183976,2.3060453,-1.0351663,0.030849906,-1.7827802,0.6276061,-2.9160283,1.290225,-0.15621445,2.0908432,2.5498877,-3.9705052,0.38009766
http://www.benchmark.org/family#F9F160,0.42679113,2.2701519,0.46282515,0.31447145,-0.18375207,-0.81060153,0.49761528,0.69015455,1.9349897,-0.08048354,-1.1158849,-0.47151875,-0.5154019,-1.8529279,3.6975806,-0.24579892,-2.2578855,1.0875213,-3.1681561,-1.1907908,-0.22059849,-0.0864214,-1.279759,0.26725775,3.4663303,-2.2271476,-2.735578,1.2790056,-0.26743987,0.2913528,0.6002626,1.2413564
http://www.benchmark.org/family#F10F200,-0.43756407,2.4287837,0.12069127,0.92987686,-0.62261164,-0.27985507,-0.31878787,0.076986894,2.3028188,-0.5920951,3.0103018,0.56526923,3.0560224,-0.17937554,2.220882,1.0659403,-0.10837535,2.030669,1.1769606,0.32650506,0.5939702,-0.87623745,0.90156716,0.696894,2.5410817,-2.7270792,-0.107900575,0.26754838,-0.89012766,-1.4003997,-0.8797057,-3.140935
http://www.benchmark.org/family#F10M199,-1.0574738,2.3407996,0.097437896,1.5118017,0.28762996,-0.47157323,0.44272608,-0.47429594,1.5405723,-0.57132035,7.0955286,0.30433062,-4.270363,0.10701345,3.1870184,0.21136948,1.5233318,-0.59139794,1.061795,-0.529383,1.6089617,1.0002034,3.3815763,-1.6491697,2.1838493,-1.0478115,1.5590314,4.312283,1.5481472,0.34895757,0.37246194,5.8530965
http://www.benchmark.org/family#F6F83,-0.03295072,2.6461425,-0.24787639,-0.35297513,0.120216936,-0.9529347,0.09918281,-0.0012614264,2.0457687,-1.1932789,3.19917,2.190696,-0.48078477,-4.4215674,-0.38482434,-0.06833761,-2.7240548,2.4110835,1.922802,0.7155731,-0.6875734,-1.081826,-3.516444,-2.4706907,0.5711099,-1.3180315,1.611389,2.6487713,-1.6101317,-4.106576,-0.22260202,1.4846113
http://www.benchmark.org/family#Parent,-0.3972046,2.7776647,-0.868415,1.4302237,0.51643914,-0.49897406,-0.5893561,-0.30155185,1.5965941,-0.7709608,1.4695711,1.923226,-3.0945005,4.236779,3.1388357,-1.0359005,0.19672196,0.030209403,2.8857164,1.1182864,1.630038,0.11910745,-0.5015427,-0.16292822,3.563598,-3.7812414,3.8043118,0.14979807,0.91381127,0.25089517,0.64098126,0.9195273
http://www.benchmark.org/family#F2M34,0.28769106,2.5852153,-0.13353086,1.1080066,0.3225328,-0.81799096,0.5698379,-0.3531019,2.7218807,-0.8616862,-3.4824817,2.062898,-0.6733739,-0.85241973,-3.320771,1.4634928,-0.48464945,-1.3266506,0.22562398,4.6283255,-0.0154508585,-1.1836195,0.07916355,0.2907853,-0.59132165,0.31882745,-0.90472794,0.99874645,0.21457097,-3.6714787,-0.32567242,-0.14878559
http://www.benchmark.org/family#Granddaughter,-0.36862382,1.7212228,-0.75101525,0.53326267,-0.2788616,-0.2206399,0.28748974,0.45999452,2.6276786,-1.2015548,1.6038404,-0.5956927,2.6219664,2.7930155,-2.031292,1.548874,-0.5328426,-2.4140708,2.706214,0.40539116,-0.16905332,2.2698703,-0.22824116,0.17619337,1.5555962,-2.6300244,0.11629211,-1.7233777,-0.9145503,-3.2401516,-0.7318994,-0.66272104
http://www.benchmark.org/family#F10M178,-0.021566648,2.533014,0.7948169,1.6029267,0.045357462,-0.9571228,0.12254053,0.05586445,1.4410337,-0.41525626,-1.8895388,-0.4798476,1.0919431,-2.8408332,-3.1667564,-0.32541636,0.5046241,-0.29543313,0.6982291,-2.0848875,-1.6125419,-0.83482474,-0.09888467,1.3648517,2.984542,0.5326057,1.9338704,1.5040641,-0.7569481,-0.15103526,-0.8279864,1.076255
http://www.benchmark.org/family#hasSibling,0.34797755,2.580456,-0.13108806,1.4274764,0.19549958,-0.4064653,0.3945962,-0.31822884,2.1846766,-0.8666224,-0.91304576,-1.2292378,1.0082061,2.394976,2.299276,-2.151337,0.53653675,0.6540762,-0.43295297,1.3425801,-0.36411506,0.422379,0.5298593,1.1533335,0.94469136,-0.05407372,1.5305839,-0.30160207,0.3732298,-0.31963736,0.4287742,-0.63020664
http://www.benchmark.org/family#hasChild,0.28738073,2.5716715,-0.052522134,1.5346392,0.2933959,0.08727251,-0.4927735,-0.22776449,1.5850922,-1.087366,1.0558563,-1.7098016,1.1740096,0.782129,0.46447703,-2.25266,0.38621193,0.04786933,-1.0087855,0.7710227,-0.5384472,0.5856736,-0.24352331,1.397338,1.6068915,-0.044181917,1.437309,0.8429099,0.3687167,-0.5529241,0.6773843,-0.70091665
http://www.benchmark.org/family,-0.44958717,2.5209424,0.7869627,-0.5134715,-0.40048245,-0.82699853,-0.19404903,-0.081195295,2.1277566,-0.8195993,-1.8475533,0.12703173,0.24663989,-2.0270164,-1.465188,-3.1401694,-0.30607748,-0.6329675,-1.9760362,0.26492053,-0.60932964,-1.2140163,-0.79896927,1.1614428,2.1054807,0.024698008,-0.56440777,2.235195,-1.1503003,1.1340623,1.1357725,-0.34141105
http://www.benchmark.org/family#Person,-0.35701755,1.4506193,-0.35563934,1.7070504,0.6368771,1.3113761,0.42521518,1.4501603,2.045881,-1.1405809,-1.8744913,-0.25957662,-2.3085947,3.3204167,-0.5466779,3.078205,2.0787828,-3.3400667,1.0048488,-1.8513491,-0.43096352,-0.11282245,-0.49610826,-1.2779703,1.599721,1.5391711,1.121681,-2.0823295,0.75614876,-1.0987816,-1.2179879,0.8887428
http://www.benchmark.org/family#hasParent,0.4068987,1.7653738,-0.6075281,0.69226736,-0.41428846,-0.010810249,-0.18531083,-0.38568258,2.7035308,-0.04070241,-0.12952119,-2.5178921,0.63875115,0.9911405,0.35256663,-2.1513615,0.25903466,0.33874682,-0.15199013,0.6971296,-0.4241467,-0.7029064,0.0454693,1.8608783,0.92661494,0.039040297,1.194268,0.55396706,0.06771816,-0.24158591,0.82511646,-0.80451894
http://www.benchmark.org/family#married,-0.22954792,2.6689694,-0.4157927,1.3660986,-0.3934443,-0.28080818,-0.5266626,-0.012768986,2.2550554,-0.26780492,0.32417613,-0.79002243,-0.11836853,1.3782481,0.67018956,-3.1833193,0.008588231,0.3923714,-0.97164595,0.9097514,-1.7848017,-0.09736966,-0.52616566,0.92950547,1.2468423,0.7408619,2.469206,0.7919659,-0.7240716,-0.6711639,0.63093376,-0.002312077
http://www.w3.org/2002/07/owl#Thing,-0.28956124,1.4232858,-0.3867772,1.9889345,-0.053625803,1.5982664,-0.26614428,1.628525,1.9823208,-0.9896754,-1.6756555,0.16157825,-1.5185747,1.9017837,-0.56913537,2.8805776,1.5020362,-2.6127644,0.33657023,-1.6912117,1.1268914,1.3034521,0.00847187,-1.5289978,0.8501435,1.4614333,0.19681728,-1.7456406,-1.1731999,-0.961994,-1.2374669,0.15763009
http://www.w3.org/2002/07/owl#NamedIndividual,-0.36491302,1.7367358,-0.34281588,1.9635507,0.04308385,1.6249826,-0.3004177,1.6665332,1.6825204,-1.5445224,-1.8752928,0.4833449,-1.6849903,2.0394237,-0.3279135,2.8902574,1.2155951,-2.5664725,0.35631558,-1.7636786,0.98603475,1.6132318,0.09270603,-1.7164463,1.0129523,1.369895,0.2817396,-1.7562581,-0.61017525,-0.91165334,-1.2497284,0.27266032
http://www.w3.org/2002/07/owl#Class,-0.39564678,1.925146,0.28229353,-1.3980615,0.8071634,0.5438156,-0.5903677,-0.60936224,2.4480946,-1.2795492,-3.000164,-1.0682492,3.2727072,0.8852049,0.2739292,1.1688441,-1.8602189,1.6135061,2.89351,-2.174023,-0.6093341,-1.1972378,-3.0172098,-1.3955255,-1.5263671,-1.6773969,-4.0809736,2.990132,-0.225952,4.016589,-0.28889596,2.7071815
http://www.w3.org/2002/07/owl#ObjectProperty,-0.19373874,2.3232691,-0.0031339014,-0.3556679,-0.15354986,-0.77231693,0.013448392,0.27728555,2.1330588,-1.2390256,3.4262002,-0.22370143,0.3035108,0.8321922,1.9980545,-4.318934,-0.42634258,-0.33166248,0.4271012,0.40629202,3.0824683,0.5803489,-0.15197198,-2.091843,0.70374364,0.9413296,0.37754828,1.5428253,-0.23944367,-1.645072,-2.1548603,0.20267336
http://www.w3.org/2002/07/owl#Ontology,0.30143315,2.819625,-0.18271112,1.0629596,0.27699417,-0.08305946,0.105196156,-0.31577438,1.8250262,-0.6077384,-0.52351874,0.188426,-2.8022046,-1.3631315,-1.116786,-2.5375957,-0.6891702,2.3442197,0.057083674,-0.84544307,-2.4299164,0.09967859,-0.7053487,-1.8820149,1.6830208,-0.3923783,0.9611199,-0.18970509,0.061621748,1.0241493,-1.9070857,-1.001008
